{"epoch": 3, "train_loss": 0.3469781279563904, "raw_loss": 0.3050805330276489, "wd_0": 0.01, "sqr_mom_0": 0.99, "lr_0": 2.1827230431729558e-08, "mom_0": 0.9499988172651295, "eps_0": 1e-05, "_runtime": 97, "_timestamp": 1631535571, "_step": 608, "Prediction Samples": {"_type": "table-file", "path": "media/table/Prediction Samples_608_e556ef1463ac0f94e653.table.json", "sha256": "e556ef1463ac0f94e6539c35c6ca90333193d0210a3379b618a62ce2af0bd2d3", "size": 13636, "artifact_path": "wandb-artifact://41727469666163743a3234313733383632/Prediction Samples.table.json", "ncols": 11, "nrows": 128}, "valid_loss": 0.35813477635383606, "accuracy": 0.8330773711204529}