{"epoch": 8, "train_loss": 0.30758970975875854, "raw_loss": 0.3170938193798065, "wd_0": 0.01, "sqr_mom_0": 0.99, "lr_0": 5.746303795100237e-08, "mom_0": 0.9499952536487414, "eps_0": 1e-05, "_runtime": 102, "_timestamp": 1634736066, "_step": 303, "Prediction Samples": {"_type": "table-file", "path": "media/table/Prediction Samples_303_f8c34513dd6c49047b33.table.json", "sha256": "f8c34513dd6c49047b330b5bd7874099c60cd02186f41c88f5bac89511095c7b", "size": 34345, "artifact_path": "wandb-artifact://41727469666163743a3332333238393634/Prediction Samples.table.json", "ncols": 22, "nrows": 128}, "valid_loss": 0.33905062079429626, "accuracy": 0.8324564695358276}