{"epoch": 3, "train_loss": 0.35433241724967957, "raw_loss": 0.45914778113365173, "wd_0": 0.01, "sqr_mom_0": 0.99, "lr_0": 2.1827230431729558e-08, "mom_0": 0.9499988172651295, "eps_0": 1e-05, "_runtime": 56, "_timestamp": 1631537588, "_step": 608, "Prediction Samples": {"_type": "table-file", "path": "media/table/Prediction Samples_608_07ef4c6bc3bac5c736b4.table.json", "sha256": "07ef4c6bc3bac5c736b4a5a785e4e1b4cfd51a343bcebfcc25f9f6f510c8fe0a", "size": 13636, "artifact_path": "wandb-artifact://41727469666163743a3234313738343838/Prediction Samples.table.json", "ncols": 11, "nrows": 128}, "valid_loss": 0.3589661121368408, "accuracy": 0.8330773711204529}