{"epoch": 30, "train_loss": 0.06824816763401031, "raw_loss": 0.06483975797891617, "wd_0": 0.01, "sqr_mom_0": 0.99, "lr_0": 3.4866270399048355e-08, "mom_0": 0.9499975133480936, "eps_0": 1e-05, "_runtime": 101, "_timestamp": 1635769929, "_step": 419, "valid_loss": 0.3066018223762512, "roc_auc_score": 0.9016393442622951, "accuracy": 0.8904109597206116}