{"epoch": 8, "train_loss": 0.3036269545555115, "raw_loss": 0.3138408064842224, "wd_0": 0.01, "sqr_mom_0": 0.99, "lr_0": 1.3150361660783753e-07, "mom_0": 0.9499878495168343, "eps_0": 1e-05, "_runtime": 147, "_timestamp": 1634735947, "_step": 304, "Prediction Samples": {"_type": "table-file", "path": "media/table/Prediction Samples_304_f2fc4e51a671582fae8e.table.json", "sha256": "f2fc4e51a671582fae8e49afde4e6553611527b55fae9a84f63273412daa217e", "size": 34345, "artifact_path": "wandb-artifact://41727469666163743a3332333238363335/Prediction Samples.table.json", "ncols": 22, "nrows": 128}, "valid_loss": 0.3450258672237396, "accuracy": 0.8267907500267029}