{"epoch": 4, "train_loss": 0.34791165590286255, "raw_loss": 0.32486623525619507, "wd_0": 0.01, "sqr_mom_0": 0.99, "lr_0": 3.6875494408873666e-08, "mom_0": 0.9499973124236833, "eps_0": 1e-05, "_runtime": 54, "_timestamp": 1631820674, "_step": 403, "Prediction Samples": {"_type": "table-file", "path": "media/table/Prediction Samples_403_a4d0f95c8a6e572d61d7.table.json", "sha256": "a4d0f95c8a6e572d61d77526bd19922e55f06e5ca9897b2ff87336f7b7444eaf", "size": 13677, "artifact_path": "wandb-artifact://41727469666163743a3234373238353639/Prediction Samples.table.json", "ncols": 11, "nrows": 128}, "valid_loss": 0.35595300793647766, "accuracy": 0.8335380554199219}