{"epoch": 3, "train_loss": 0.34899482131004333, "raw_loss": 0.40828484296798706, "wd_0": 0.01, "sqr_mom_0": 0.99, "lr_0": 3.661017138989302e-08, "mom_0": 0.9499973389562505, "eps_0": 1e-05, "_runtime": 215, "_timestamp": 1631536115, "_step": 609, "Prediction Samples": {"_type": "table-file", "path": "media/table/Prediction Samples_609_07ef4c6bc3bac5c736b4.table.json", "sha256": "07ef4c6bc3bac5c736b4a5a785e4e1b4cfd51a343bcebfcc25f9f6f510c8fe0a", "size": 13636, "artifact_path": "wandb-artifact://41727469666163743a3234313735303934/Prediction Samples.table.json", "ncols": 11, "nrows": 128}, "valid_loss": 0.35826167464256287, "accuracy": 0.8321560025215149}