{"epoch": 8, "train_loss": 0.4060615301132202, "raw_loss": 0.35641059279441833, "wd_0": 0.01, "sqr_mom_0": 0.99, "lr_0": 1.9984314075468558e-07, "mom_0": 0.9499810154960795, "eps_0": 1e-05, "_runtime": 67, "_timestamp": 1635738409, "_step": 151, "Prediction Samples": {"_type": "table-file", "path": "media/table/Prediction Samples_151_ade954010f13283594cc.table.json", "sha256": "ade954010f13283594ccebacaed6b3491322a2e0f05a25d3713bd121ff57b8d9", "size": 34621, "artifact_path": "wandb-artifact://41727469666163743a3334373431393032/Prediction Samples.table.json", "ncols": 22, "nrows": 128}, "valid_loss": 0.42729252576828003, "roc_auc_score": 0.8890903299445225, "accuracy": 0.8219344615936279}