{"epoch": 3, "train_loss": 0.3573934733867645, "raw_loss": 0.37287336587905884, "wd_0": 0.01, "sqr_mom_0": 0.99, "lr_0": 3.661017138989302e-08, "mom_0": 0.9499973389562505, "eps_0": 1e-05, "_runtime": 1152, "_timestamp": 1631535278, "_step": 609, "Prediction Samples": {"_type": "table-file", "path": "media/table/Prediction Samples_609_16eb40b29eb5adb62cc2.table.json", "sha256": "16eb40b29eb5adb62cc236495cecffc81019c0c7c53866ece855e7a374b02ed5", "size": 13636, "artifact_path": "wandb-artifact://41727469666163743a3234313733323038/Prediction Samples.table.json", "ncols": 11, "nrows": 128}, "valid_loss": 0.35870540142059326, "accuracy": 0.8333845138549805}