{"epoch": 3, "train_loss": 0.3522776663303375, "raw_loss": 0.3618745505809784, "wd_0": 0.01, "sqr_mom_0": 0.99, "lr_0": 3.661017138989302e-08, "mom_0": 0.9499973389562505, "eps_0": 1e-05, "_runtime": 83, "_timestamp": 1631537403, "_step": 609, "Prediction Samples": {"_type": "table-file", "path": "media/table/Prediction Samples_609_fe217dab67e3ef747c1e.table.json", "sha256": "fe217dab67e3ef747c1ec4e79c05bc665d6eb348fbaf2533b50a717fa03eed4e", "size": 13636, "artifact_path": "wandb-artifact://41727469666163743a3234313738303538/Prediction Samples.table.json", "ncols": 11, "nrows": 128}, "valid_loss": 0.3586263060569763, "accuracy": 0.8312346339225769}