{"epoch": 4, "train_loss": 0.3531680405139923, "raw_loss": 0.3784183859825134, "wd_0": 0.01, "sqr_mom_0": 0.99, "lr_0": 4.399384834763431e-07, "mom_0": 0.9499570057217095, "eps_0": 1e-05, "_runtime": 226, "_timestamp": 1631820342, "_step": 405, "Prediction Samples": {"_type": "table-file", "path": "media/table/Prediction Samples_405_e87cee86a18f9492f4c2.table.json", "sha256": "e87cee86a18f9492f4c21962ad2367e3131f1cfccf5bc5af5b710ce8cd4701a4", "size": 13677, "artifact_path": "wandb-artifact://41727469666163743a3234373238303637/Prediction Samples.table.json", "ncols": 11, "nrows": 128}, "valid_loss": 0.35730892419815063, "accuracy": 0.8361486196517944}