{"categories": ["workclass", "education", "marital-status", "occupation", "relationship", "race"], "workclass": {"classes": ["nan", " Private", " Self-emp-inc", " Self-emp-not-inc", " State-gov", " Federal-gov", " Local-gov", " ?", " Without-pay", " Never-worked"], "embeddings": [[0.011917424388229847, 0.0036690677516162395, -0.005994804203510284, 0.0012777751544490457, 0.002446670550853014, 0.006878025829792023], [-0.00540508795529604, -0.0042634690180420876, -0.008274214342236519, -0.010738063603639603, -0.007149945478886366, -0.007712496444582939], [-0.011424942873418331, 0.01774647831916809, 0.006456839852035046, 8.385683031519875e-06, 0.003727265866473317, -2.9907641874160618e-05], [0.002576348837465048, 0.018473682925105095, 0.0001841002085711807, -0.009670988656580448, 0.008775974623858929, 0.008160079829394817], [0.006126092746853828, -0.019316693767905235, -0.005639045033603907, 0.004081232938915491, 0.0013388943625614047, 0.0037650279700756073], [0.0019885252695530653, 0.004235517233610153, 0.009695773012936115, -0.013719918206334114, 0.00798791367560625, 0.002026971662417054], [-0.015386578626930714, 0.00646287901327014, 0.012575481086969376, -0.014733640477061272, -0.013356794603168964, 0.005220707505941391], [0.0012464177561923862, 0.011124877259135246, 0.010682370513677597, 0.014553211629390717, 0.015188629738986492, 0.01248765829950571], [-0.015937473624944687, 0.01143683958798647, -0.017228567972779274, -0.013876057229936123, -0.00068177271168679, -0.0007601756369695067], [0.013945481739938259, -0.002265442628413439, 0.0013410677202045918, -0.005721986759454012, -0.004683788400143385, -0.013973123393952847]]}, "education": {"classes": ["nan", " Assoc-acdm", " Masters", " HS-grad", " Prof-school", " 7th-8th", " Some-college", " 11th", " Bachelors", " Assoc-voc", " 10th", " 9th", " Doctorate", " 12th", " 1st-4th", " 5th-6th", " Preschool"], "embeddings": [[-0.001937750494107604, -0.00425381725654006, 0.006010888144373894, -0.006249472498893738, 0.00496623245999217, 0.010804105550050735, -0.0075184558518230915, -0.00663540605455637], [0.01751452498137951, 0.001583240693435073, 0.010378667153418064, -0.004858200903981924, 0.008699210360646248, 0.0017193021485581994, -0.012227642349898815, -0.010633120313286781], [-0.018408656120300293, 0.003882588120177388, 0.003715782193467021, -0.005362955387681723, -0.0027971018571406603, 0.002797139110043645, 0.00916883535683155, 0.0017070472240447998], [-0.016140636056661606, -0.00916944071650505, 0.0015510903904214501, -0.006064395885914564, -0.008007210679352283, -0.0028874357230961323, 0.0008418475044891238, -0.0043391576036810875], [-0.0008211774984374642, 0.0026076952926814556, -0.0017578196711838245, -0.0058821579441428185, 0.0014818389900028706, 0.0028347307816147804, 0.001150033320300281, 0.008752185851335526], [0.0060515194199979305, 0.00010104075045092031, 0.006225210148841143, -0.004714904818683863, -6.5103577071568e-06, 0.005095046013593674, 0.0002515976957511157, -0.003179077757522464], [0.00011368358536856249, -0.01765924133360386, 0.007669027429074049, 0.00042299620690755546, 0.008493893779814243, 0.0007073907181620598, 0.017189763486385345, -0.006958011072129011], [-0.001727776019833982, 0.0003112343547400087, -0.006635547149926424, -0.006765798665583134, -0.003586133709177375, 0.0148955462500453, 0.019393788650631905, 0.0019166924757882953], [0.013428319245576859, 0.006081352010369301, -0.002141654258593917, 0.0010118430946022272, 0.008991989307105541, -0.007006582338362932, 0.007509070448577404, -0.014025792479515076], [-0.001014826470054686, 0.004324560984969139, -0.008866282179951668, 0.0021832094062119722, 0.015456910245120525, -0.008839151822030544, -0.004531440790742636, 0.012564958073198795], [0.004207308869808912, 0.001993295270949602, 0.015883509069681168, -0.011419643647968769, -0.002562756184488535, -0.015257410705089569, -0.0022031511180102825, 0.012958928942680359], [0.004956258926540613, -0.00908646360039711, 0.0003383832226973027, 0.009148390963673592, 0.006324319168925285, 0.0055633848533034325, 0.009180867113173008, -0.005315677262842655], [-0.017113810405135155, 0.01959838531911373, 0.011815425008535385, -0.019765840843319893, 0.0007741095614619553, -0.0025904779322445393, -0.0035067731514573097, -0.006382902152836323], [0.0021882588043808937, -0.0008482603589072824, 0.0030582689214497805, -0.004859105683863163, 0.0024399622343480587, -0.010949638672173023, 0.0004523653187789023, 0.011301578022539616], [0.0022898688912391663, -0.01829787902534008, 0.010845648124814034, -0.003721844870597124, -0.008814504370093346, -0.004817991517484188, -0.006717554293572903, 0.0059966472908854485], [-0.008784566074609756, -0.01460117194801569, -0.003255438059568405, 0.0014438381185755134, 0.0021963303443044424, -0.0041044834069907665, -0.01581813581287861, -0.0015053343959152699], [-0.011213942430913448, 0.0024975468404591084, 0.01350153423845768, -0.004719342105090618, 0.008974241092801094, 0.003387141041457653, 0.009085617028176785, -0.01229659654200077]]}, "marital-status": {"classes": ["nan", " Married-civ-spouse", " Divorced", " Never-married", " Widowed", " Married-spouse-absent", " Separated", " Married-AF-spouse"], "embeddings": [[0.0032770568504929543, 0.008393349125981331, 0.0038856682367622852, -0.0029575356747955084, 0.0014975817175582051], [-0.012803232297301292, 0.002141339471563697, 0.009061231277883053, -0.012320928275585175, -0.005149333272129297], [-0.018642717972397804, -0.006654352881014347, 0.005605107638984919, 0.001986952032893896, 0.003454162972047925], [-0.0058106714859604836, 0.0009052445529960096, -0.012995537370443344, 0.01256041880697012, 0.008014886640012264], [0.0014438710641115904, -0.013773382641375065, 0.009316178038716316, 0.012240839190781116, 0.0018053880194202065], [0.003310570726171136, 0.01832210086286068, 0.008241516537964344, 0.0058702751994132996, -0.0034401598386466503], [0.013040242716670036, -0.0005762205109931529, -0.0057694194838404655, -0.0197313129901886, -0.009001259692013264], [-0.002484408440068364, -0.003994540311396122, 0.015973107889294624, 0.003751129377633333, -0.002903380896896124]]}, "occupation": {"classes": ["nan", " Exec-managerial", " Prof-specialty", " Other-service", " Handlers-cleaners", " Craft-repair", " Adm-clerical", " Sales", " Machine-op-inspct", " Transport-moving", " ?", " Farming-fishing", " Tech-support", " Protective-serv", " Priv-house-serv", " Armed-Forces"],