{"categories": ["workclass", "education", "marital-status", "occupation", "relationship", "race", "sex"], "workclass": {"classes": ["nan", " Private", " Self-emp-inc", " Self-emp-not-inc", " State-gov", " Federal-gov", " Local-gov", " ?", " Without-pay", " Never-worked"], "embeddings": [[0.0035228198394179344, -0.009942511096596718, 0.0019247443415224552, -0.0004922086372971535, -0.01407962292432785, -0.0009669203427620232], [-0.027691135182976723, -0.017632896080613136, 0.008470965549349785, -0.048807669430971146, -0.03909943997859955, -0.0009218364139087498], [0.02297407016158104, 0.04536609351634979, -0.034103356301784515, 0.036519136279821396, 0.03790528327226639, -0.026742931455373764], [-0.017749929800629616, -0.0018300910014659166, 0.038558777421712875, -0.004170545376837254, 0.006683547981083393, 0.005762841552495956], [0.011287849396467209, -0.01200131792575121, 0.028579402714967728, -0.006476267706602812, 0.016108574345707893, 0.00431921798735857], [-0.00021016213577240705, -0.0059479009360075, -0.03237332031130791, 0.02038884535431862, -0.013184063136577606, -0.01437026634812355], [0.042776431888341904, 0.05847501754760742, -0.013407311402261257, 0.045718323439359665, 0.0022523130755871534, -0.06579529494047165], [-0.04362118989229202, -0.04868610203266144, 0.034106019884347916, -0.04056893661618233, -0.03204834461212158, 0.0561382919549942], [0.00521708931773901, -0.017160901799798012, 0.044594548642635345, -0.04856257140636444, -0.005019397009164095, 0.022135183215141296], [-0.03560617193579674, -0.026446286588907242, 0.0342378169298172, -0.04376666247844696, -0.02057602070271969, 0.045730333775281906]]}, "education": {"classes": ["nan", " Assoc-acdm", " Masters", " HS-grad", " Prof-school", " 7th-8th", " Some-college", " 11th", " Bachelors", " Assoc-voc", " 10th", " 9th", " Doctorate", " 12th", " 1st-4th", " 5th-6th", " Preschool"], "embeddings": [[0.011353334411978722, -0.012284749187529087, 0.013901314698159695, -0.01540596317499876, 0.004004084505140781, 0.006418898236006498, 0.0023442376405000687, 0.009167926385998726], [0.0007436977466568351, 0.006525948643684387, 0.021690210327506065, 0.017209699377417564, -0.026259014382958412, 0.012955053709447384, 0.016828058287501335, 0.03152310848236084], [-0.044240858405828476, 0.0545719638466835, 0.03857044130563736, 0.018554234877228737, -0.014705179259181023, -0.04825806990265846, 0.011048352345824242, -0.021342439576983452], [-0.0027399484533816576, -0.011491856537759304, 0.016627948731184006, -0.007030559238046408, 0.010311046615242958, 0.005395316053181887, 0.01590801402926445, 0.010209837928414345], [0.02580774389207363, 0.0035711154341697693, 0.0449838750064373, 0.003935543354600668, -0.006957254372537136, -0.02166781947016716, 0.023375850170850754, -0.003276197472587228], [-0.015305026434361935, -0.0044930423609912395, -0.015728719532489777, 0.00024850686895661056, -0.0016047889366745949, -0.006843906827270985, -0.009994124993681908, -0.01969406194984913], [0.006368205416947603, 0.0316426046192646, 0.027661046013236046, 0.02604450285434723, 0.030941998586058617, -0.013024216517806053, 0.029890773817896843, -0.016994882375001907], [-0.013588489964604378, 0.04263840988278389, 0.0293430145829916, 0.01621299795806408, -0.024029579013586044, -0.05749814584851265, 0.027261197566986084, 0.004502474330365658], [-0.03151657432317734, 0.0365368016064167, 0.04613376781344414, 0.0255290437489748, -0.006648666691035032, -0.044671397656202316, 0.029008882120251656, 0.0005096375243738294], [-0.010278872214257717, -0.011809668503701687, 0.005264169070869684, -0.004600802902132273, -0.0011222946923226118, -0.006671881768852472, 0.033345118165016174, 0.004271738231182098], [-0.004262465517967939, 0.008265214040875435, -0.00153507967479527, 0.017156213521957397, 0.0032179271802306175, -0.0004995938506908715, -1.3171797036193311e-05, -0.022521544247865677], [0.02067277953028679, -0.017670011147856712, -0.0038916929624974728, -0.018406232818961143, -0.026893015950918198, 0.016671987250447273, -0.038151487708091736, 0.037306226789951324], [0.012544561177492142, -0.018489474430680275, -0.009405727498233318, 0.0035233693197369576, 0.01397516019642353, -0.0171004980802536, -0.0030722739174962044, -0.0027925691101700068], [-0.002900141989812255, -0.017511611804366112, -0.0029895047191530466, 0.009636878967285156, -0.021731683984398842, -0.0006849544588476419, 0.004078347701579332, 0.003671730402857065], [0.009161051362752914, -0.007470204494893551, 0.02478262409567833, -0.014574505388736725, 0.0028955601155757904, 0.014628222212195396, -0.0177678894251585, -0.00240470003336668], [0.0444149374961853, 0.007084026467055082, -0.015177864581346512, -0.046035848557949066, 0.010227457620203495, 0.06110854819417, -0.06921524554491043, -0.003667714772745967], [0.007200183812528849, -1.0759504220914096e-06, -0.011115841567516327, 0.013210984878242016, -4.59717120975256e-05, 0.01990518532693386, 0.004728546366095543, 0.007003783248364925]]}, "marital-status": {"classes": ["nan", " Married-civ-spouse", " Divorced", " Never-married", " Widowed", " Married-spouse-absent", " Separated", " Married-AF-spouse"], "embeddings": [[-0.016276858747005463, -0.005814330652356148, -0.004226249177008867, 4.2396590288262814e-05, 0.009555550292134285], [-0.04282461479306221, -0.033669766038656235, -0.0468638651072979, 0.027888234704732895, 0.03049398958683014], [0.026572035625576973, 0.03075833059847355, 0.014817452989518642, -0.02631370909512043, -0.016398167237639427], [0.0587766058743, 0.05326789990067482, 0.07019294053316116, -0.023200413212180138, -0.05707675963640213], [-0.035122308880090714, -0.020801031962037086, -0.04533803462982178, 0.004765919875353575, 0.05293671041727066], [-0.05831840634346008, -0.03998667746782303, -0.05205652117729187, 0.038331057876348495, 0.05493608117103577], [-0.03902778401970863, -0.02938292920589447, -0.047268401831388474, 0.013044191524386406, 0.03290713578462601], [-0.004376893863081932, -0.021563278511166573, -0.027880629524588585, 0.015655212104320526, 0.020782925188541412]]}, "occupation": {"classes": ["nan", " Exec-managerial", " Prof-specialty", " Other-service", " Handlers-cleaners", " Craft-repair", " Adm-clerical", " Sales", " Machine-op-inspct", " Transport-moving", " ?", " Farming-fishing", " Tech-support", " Protective-serv", " Priv-house-serv", " Armed-Forces"],