{"categories": ["workclass", "education", "marital-status", "occupation", "relationship", "race", "sex"], "workclass": {"classes": ["nan", " Private", " Self-emp-inc", " Self-emp-not-inc", " State-gov", " Federal-gov", " Local-gov", " ?", " Without-pay", " Never-worked"], "embeddings": [[0.0006364143919199705, -0.010241765528917313, -0.002530149184167385, -0.004702654667198658, -0.008045097813010216, 0.006036832462996244], [0.026498733088374138, 0.019351711496710777, 0.0022312242072075605, -0.0299358069896698, -0.02039843425154686, -0.008477156981825829], [-0.027747226879000664, -0.02924943156540394, -0.04896475374698639, 0.03896109759807587, 0.07755309343338013, -0.0029423709493130445], [0.02940884232521057, 0.03378840163350105, 0.011140967719256878, -0.01011658925563097, -0.008124866522848606, 0.007211427204310894], [-0.00366966356523335, 0.012643648311495781, -0.01726027950644493, -0.009846426546573639, -0.0007143673137761652, -0.008599030785262585], [-0.0186409130692482, -0.02272196300327778, -0.002872362732887268, 0.03293565660715103, -0.009222697466611862, 0.015423597767949104], [-0.022937895730137825, -0.03248576447367668, -0.031155547127127647, 0.04404482990503311, 0.0702919065952301, -0.04433996602892876], [0.06714161485433578, 0.01786908134818077, 0.07137999683618546, -0.05278478190302849, -0.033415209501981735, -0.02391832135617733], [0.024419203400611877, 0.04139820858836174, 0.0049385931342840195, -0.04109499230980873, -0.035095635801553726, 0.0045322151854634285], [0.019202301278710365, 0.01677231676876545, 0.03707722947001457, -0.014471222646534443, -0.02401139587163925, 0.03229618817567825]]}, "education": {"classes": ["nan", " Assoc-acdm", " Masters", " HS-grad", " Prof-school", " 7th-8th", " Some-college", " 11th", " Bachelors", " Assoc-voc", " 10th", " 9th", " Doctorate", " 12th", " 1st-4th", " 5th-6th", " Preschool"], "embeddings": [[-0.018352048471570015, 0.002245766343548894, 0.0008306993986479938, 0.017542559653520584, -0.018464796245098114, -0.009420531801879406, 0.0011416386114433408, -0.004706502426415682], [-0.018483979627490044, -0.01586984656751156, 0.03949018567800522, 0.015798548236489296, -0.009039252065122128, 0.022439494729042053, 0.01800491288304329, 0.00776522234082222], [-0.0030003925785422325, -0.009288548491895199, 0.019503068178892136, 0.045542433857917786, 0.0006487967330031097, 0.02964836359024048, 0.032161690294742584, 0.030237531289458275], [0.0019881862681359053, 0.01717619225382805, 0.0037700943648815155, -0.014081208035349846, 0.018750805407762527, 0.0019116414478048682, 0.01566252112388611, 0.030810054391622543], [-0.00010978851787513122, 0.0030650028493255377, -0.01972673274576664, -0.010396762751042843, -0.01812603324651718, 0.006802293937653303, 0.014498058706521988, -0.010156652890145779], [0.010743935592472553, -0.027266159653663635, 0.007998906075954437, 0.008430702611804008, 0.008830063976347446, 0.007967676967382431, 0.016646957024931908, -0.00329257152043283], [-0.009011531248688698, -0.022011322900652885, -0.005375448614358902, 0.033763810992240906, -0.006433624774217606, 0.0003735065693035722, 0.028925778344273567, 0.01847153715789318], [0.0005917981034144759, -0.04449756070971489, 0.004417369142174721, 0.01651863567531109, 0.015568752773106098, -0.011084509082138538, 0.013102174736559391, 0.016931872814893723], [0.03798200935125351, -0.044869184494018555, -0.014351926743984222, -0.0046708062291145325, 0.011916800402104855, 0.027234315872192383, 0.04230227693915367, 0.03913270682096481], [-0.004883376881480217, 0.018503015860915184, -0.013550194911658764, -0.02097204141318798, 0.004188244696706533, 0.01713651977479458, -0.009208925068378448, -0.007209058851003647], [-0.018739162012934685, -0.005182341206818819, 0.007924962788820267, -0.0034344454761594534, 0.003747061127796769, 0.01596931740641594, 0.002372963121160865, -0.01136202272027731], [0.024171119555830956, 0.005976495333015919, 0.07046960294246674, 0.0004931183066219091, 0.03386461362242699, -0.03208990767598152, -0.024341989308595657, -0.017135877162218094], [0.03572623059153557, -0.004308597184717655, 0.0012364930007606745, 0.013563033193349838, -0.02212383970618248, 0.010174717754125595, 0.010460163466632366, 0.0012968822848051786], [-0.00491294963285327, -0.013339340686798096, -0.001590319094248116, -0.010312038473784924, 0.007213486824184656, 0.0004488328704610467, -0.001034758286550641, -0.01162560936063528], [-0.0035794335417449474, 0.026077838614583015, 0.0013783661415800452, 0.007349605206400156, 0.010410083457827568, -0.018367905169725418, -0.0036263074725866318, -0.011648626066744328], [-0.03921113908290863, 0.05612571910023689, 0.027560167014598846, -0.00939752534031868, -0.023299025371670723, -0.028650574386119843, -0.024035315960645676, -0.05891609936952591], [-0.005605327431112528, 0.012180611491203308, -0.002573949983343482, -0.017943762242794037, 0.004237653687596321, -0.0018642942886799574, -0.009130758233368397, -0.026988601312041283]]}, "marital-status": {"classes": ["nan", " Married-civ-spouse", " Divorced", " Never-married", " Widowed", " Married-spouse-absent", " Separated", " Married-AF-spouse"], "embeddings": [[-0.016847852617502213, 0.002743074670433998, 0.0034428252838552, 0.005157069768756628, 0.0055689276196062565], [-0.033014196902513504, -0.011683101765811443, -0.037052836269140244, -0.049639519304037094, 0.02384665235877037], [0.05058399587869644, 0.030053338035941124, 0.03297203406691551, 0.039841726422309875, -0.017213402315974236], [0.0678204670548439, 0.02874130755662918, 0.08029661327600479, 0.07573861628770828, -0.06598532944917679], [-0.024740463122725487, -0.03142084926366806, -0.04017650708556175, -0.03857540339231491, 0.02439718320965767], [-0.01921248249709606, -0.024506472051143646, -0.05273382365703583, -0.06942051649093628, 0.07047458738088608], [-0.07151421904563904, -0.045681968331336975, -0.040276478976011276, -0.0664450004696846, 0.05146937817335129], [-0.020147718489170074, -0.015960413962602615, -0.025222143158316612, -0.022587666288018227, 0.010321764275431633]]}, "occupation": {"classes": ["nan", " Exec-managerial", " Prof-specialty", " Other-service", " Handlers-cleaners", " Craft-repair", " Adm-clerical", " Sales", " Machine-op-inspct", " Transport-moving", " ?", " Farming-fishing", " Tech-support", " Protective-serv", " Priv-house-serv", " Armed-Forces"],