{"categories": ["workclass", "education", "marital-status", "occupation", "relationship", "race", "sex"], "workclass": {"classes": ["nan", " Private", " Self-emp-inc", " Self-emp-not-inc", " State-gov", " Federal-gov", " Local-gov", " ?", " Without-pay", " Never-worked"], "embeddings": [[-0.0015122354961931705, -0.007120577618479729, -0.009660294279456139, -0.00710850628092885, -0.018032783642411232, -0.0030372790060937405], [-0.018883079290390015, -0.049310192465782166, 0.023438092321157455, -0.011463508941233158, -0.026982298120856285, -0.0015784967690706253], [0.04134860262274742, 0.02105741575360298, -0.05750451609492302, -0.03372393921017647, 0.05320144444704056, 0.047953300178050995], [0.013504698872566223, 0.022204887121915817, 0.017374681308865547, 0.006544947158545256, -0.006812193430960178, -0.00569570017978549], [0.0037274782080203295, -0.018504736945033073, -0.001640191301703453, 0.018196722492575645, -0.0010030267294496298, 0.00788353756070137], [0.001942043541930616, 8.677451114635915e-05, 0.0008234388660639524, 0.034258872270584106, 0.027123404666781425, -0.01621237024664879], [0.0670977309346199, 0.021276278421282768, -0.07023154199123383, -0.036846838891506195, 0.04043596237897873, 0.023148678243160248], [-0.04837776720523834, -0.012041888199746609, 0.0453464537858963, -0.009226953610777855, -0.0745728462934494, 0.0008478511008433998], [-0.044342391192913055, -0.019306838512420654, 0.033684805035591125, -0.00484463619068265, -0.04806886985898018, -0.0350654162466526], [-0.018885215744376183, 0.02380756102502346, 0.017563028261065483, 0.009350515902042389, -0.030455296859145164, -0.010788410902023315]]}, "education": {"classes": ["nan", " Assoc-acdm", " Masters", " HS-grad", " Prof-school", " 7th-8th", " Some-college", " 11th", " Bachelors", " Assoc-voc", " 10th", " 9th", " Doctorate", " 12th", " 1st-4th", " 5th-6th", " Preschool"], "embeddings": [[-0.0025043822824954987, -0.012848084792494774, -0.002881449880078435, 0.0177890844643116, 0.00043477246072143316, 0.0036544271279126406, 0.00791239459067583, 0.0098137641325593], [-0.022056354209780693, -0.009213634766638279, 0.019087539985775948, -0.01435784250497818, 0.0063550109043717384, -0.0018045707838609815, 0.004213969223201275, -0.005643631797283888], [0.035616423934698105, 0.02332553267478943, 0.01309442613273859, -0.06172175705432892, -0.0083824023604393, 0.049027737230062485, 0.020228592678904533, -0.006232062354683876], [-0.004204436205327511, 0.0028820233419537544, -0.025057731196284294, -0.03226348012685776, 0.027606934309005737, 0.03324010595679283, -0.014058095403015614, 0.010108452290296555], [-0.03207932412624359, 0.004777722060680389, 0.0013202575501054525, 0.023672297596931458, -0.0007616817601956427, -0.011816931888461113, -0.006335563026368618, 0.023706840351223946], [0.020920226350426674, -0.002873278222978115, 0.0008864323608577251, 0.0118100019171834, 0.026204152032732964, 0.009395814500749111, -0.013489141128957272, 0.010993840172886848], [-0.009496883489191532, -0.00719596678391099, 0.0013038360048085451, -0.007961838506162167, -0.0015979164745658636, -0.02812717854976654, 0.019788099452853203, 0.0009459389839321375], [0.015668507665395737, 0.016864975914359093, 0.01861792802810669, -0.045270856469869614, -0.017366301268339157, 0.03548181802034378, 0.054677870124578476, 0.0018378208624199033], [0.023055115714669228, 0.028047917410731316, 0.004861642140895128, 0.013913452625274658, -0.0015450856881216168, 0.027767620980739594, -0.03778568282723427, 0.04043881222605705], [-0.004955567419528961, 0.001387900672852993, -0.01796426996588707, -0.03613632544875145, 0.03137977048754692, 0.0009958624141290784, 0.00014029834710527211, -0.009396118111908436], [0.006133465562015772, 0.005245801992714405, -0.016989076510071754, 0.023295195773243904, -0.0054733105935156345, -0.010692275129258633, -0.01842767745256424, -0.016429806128144264], [-0.020954271778464317, -0.029962636530399323, -0.031572457402944565, -0.0018342339899390936, 0.027466924861073494, -0.04164307191967964, -0.019205482676625252, -0.04973385110497475], [0.015269280411303043, 0.019364407286047935, 0.012935195118188858, -0.0120213208720088, 0.009319650009274483, 0.02073158696293831, -0.016712060198187828, 0.014547226950526237], [0.01298457384109497, -0.011582395993173122, 0.0020000662188977003, 0.019003307446837425, -0.02143230102956295, -0.006360967177897692, 0.0012998556485399604, -0.020173784345388412], [-0.0031508018728345633, -0.013925757259130478, 0.009946661069989204, -0.005692603997886181, -0.01588287204504013, -0.031568676233291626, 0.026709826663136482, 0.0031056697480380535], [-0.03682300075888634, -0.049395568668842316, 0.015109041705727577, -0.05182533711194992, 0.0016185393324121833, -0.046408116817474365, 0.0674222856760025, -0.04570814222097397], [-0.011640090495347977, -0.025953980162739754, -0.0007352104294113815, 0.05036761239171028, -0.002515058498829603, -0.0058396952226758, 0.012921653687953949, -0.009572276845574379]]}, "marital-status": {"classes": ["nan", " Married-civ-spouse", " Divorced", " Never-married", " Widowed", " Married-spouse-absent", " Separated", " Married-AF-spouse"], "embeddings": [[0.002356611890718341, 0.007243640720844269, -0.0024568878579884768, -0.01655217446386814, 0.003265775740146637], [0.005607581697404385, 0.03464725241065025, -0.025103770196437836, 0.03014080971479416, 0.028961755335330963], [0.023801375180482864, -0.01914946362376213, 0.03695312514901161, -0.04568406566977501, -0.039259761571884155], [0.017579197883605957, -0.06099822744727135, 0.0689823105931282, -0.054116591811180115, -0.04090208187699318], [-0.014412853866815567, 0.04196656495332718, -0.05490879341959953, 0.047941986471414566, 0.043279554694890976], [-0.04843594506382942, 0.05340948700904846, -0.04228394851088524, 0.05042853578925133, 0.0457112081348896], [-0.022912194952368736, 0.03780536726117134, -0.04454350471496582, 0.07565030455589294, 0.05308546498417854], [0.00016660793335177004, 0.02436491847038269, -0.008352491073310375, 0.028218276798725128, 0.0014620533911511302]]}, "occupation": {"classes": ["nan", " Exec-managerial", " Prof-specialty", " Other-service", " Handlers-cleaners", " Craft-repair", " Adm-clerical", " Sales", " Machine-op-inspct", " Transport-moving", " ?", " Farming-fishing", " Tech-support", " Protective-serv", " Priv-house-serv", " Armed-Forces"],