{"categories": ["workclass", "education", "marital-status", "occupation", "relationship", "race", "sex"], "workclass": {"classes": ["nan", " Private", " Self-emp-inc", " Self-emp-not-inc", " State-gov", " Federal-gov", " Local-gov", " ?", " Without-pay", " Never-worked"], "embeddings": [[-0.002093916991725564, -0.01913689263164997, 0.004583834670484066, 0.007400969043374062, 0.0025663338601589203, -0.016776788979768753], [0.0004892777069471776, -0.026386365294456482, 0.028415126726031303, 0.01142408512532711, 0.01544005423784256, 0.013230271637439728], [0.005245468579232693, 0.04538818076252937, -0.01066838949918747, -0.030835580080747604, -0.0005502599524334073, -0.040440209209918976], [0.024901507422327995, -0.006921467371284962, -0.026162531226873398, 0.03410348668694496, 0.016678953543305397, 0.027881916612386703], [-0.0002390149311395362, -0.03268089517951012, 0.016879118978977203, 0.001068297540768981, 0.0006459353026002645, -0.023676158860325813], [-0.0013747484190389514, 0.0009525726200081408, -0.01267971657216549, -0.018447555601596832, -0.02347065694630146, -0.002994147129356861], [0.05444641783833504, 0.07154976576566696, -0.02115817740559578, -0.04678810015320778, 0.012069116346538067, -0.04678124189376831], [-0.047279078513383865, -0.05767318978905678, 0.04554467648267746, 0.020615870133042336, -0.046326763927936554, 0.02417321316897869], [-0.009829485788941383, -0.02138667181134224, 0.0020912999752908945, 0.027035344392061234, 0.007142309565097094, 0.02195465937256813], [-0.040614575147628784, -0.05150216445326805, 0.03681911528110504, 0.03351974859833717, -0.01654251106083393, 0.015306802466511726]]}, "education": {"classes": ["nan", " Assoc-acdm", " Masters", " HS-grad", " Prof-school", " 7th-8th", " Some-college", " 11th", " Bachelors", " Assoc-voc", " 10th", " 9th", " Doctorate", " 12th", " 1st-4th", " 5th-6th", " Preschool"], "embeddings": [[-0.01738063059747219, 0.004827473312616348, 0.012796873226761818, 0.007439128588885069, 0.01482507586479187, -0.005577143747359514, -0.0017902033869177103, 0.013522295281291008], [-0.023416783660650253, -0.01238215621560812, -0.025201009586453438, 0.007904033176600933, 0.019440971314907074, -0.010759001597762108, -0.017911136150360107, 0.004042025655508041], [0.020174730569124222, 0.01268121786415577, -0.012316770851612091, 0.034819066524505615, 0.043350838124752045, 0.006533786654472351, -0.011414325796067715, 0.005193630233407021], [0.027071261778473854, 0.019414326176047325, -0.003898505587130785, 0.020225727930665016, 0.0016003975179046392, -0.014817540533840656, -0.005730122327804565, -0.013164726085960865], [-0.03350519388914108, -0.00365689629688859, 0.029791805893182755, 0.018617501482367516, 0.0030981823801994324, -0.01300058700144291, -0.027807636186480522, 0.009136657230556011], [-0.0019657271914184093, 0.014736169017851353, -0.02312448062002659, 0.001710833515971899, 0.022301634773612022, -0.007398867979645729, 0.007866344414651394, -0.002018362283706665], [0.012270192615687847, -0.0030283883679658175, -0.03191060200333595, 0.03690198436379433, 0.021653691306710243, -0.01566452905535698, -0.02527165412902832, -0.007379827089607716], [0.03913501277565956, 0.04374433681368828, -0.03210573270916939, 0.01899304799735546, -0.01228065975010395, 0.017311066389083862, 0.0005981929134577513, 0.02877008728682995], [0.005862018559128046, 0.03985647112131119, -0.01394317951053381, 0.022827062755823135, 0.021938009187579155, 0.026725243777036667, -0.03602560982108116, -0.019319426268339157], [0.02503996528685093, 0.004408708307892084, -0.007296228315681219, 0.014079702086746693, -0.0023110276088118553, -0.0028208564035594463, -0.018323278054594994, 0.000456362176919356], [-0.008230742067098618, 0.00616391422227025, 0.006619462743401527, 0.004040284547954798, 0.0071121202781796455, 0.007561858277767897, -0.015928830951452255, -0.0025084237568080425], [0.008005263283848763, -0.029339943081140518, 0.006936266552656889, -0.006377715151757002, 0.003817341523244977, 0.03971879929304123, 0.009188229218125343, 0.01580016501247883], [-0.01661047711968422, -0.005885724443942308, 0.022893616929650307, 0.0007385177304968238, -0.031560320407152176, -0.004156019538640976, -0.015361537225544453, -0.011640935204923153], [-0.0016353565733879805, -0.011249865405261517, 0.002229139441624284, -0.010707433335483074, -0.0023301353212445974, 0.018434224650263786, -0.007469073869287968, 0.030033661052584648], [-0.008574610576033592, 0.0174111258238554, -0.02085108309984207, 0.03865503892302513, 0.009885622188448906, -0.010993823409080505, -0.022218236699700356, -0.025910506024956703], [0.013947466388344765, -0.060087524354457855, 0.04251956194639206, -0.037731654942035675, -0.05056455358862877, -0.021320253610610962, 0.04763101041316986, 0.034418731927871704], [-0.007284169085323811, -0.00617436645552516, 0.002802168717607856, -0.022319654002785683, 0.01327123586088419, 0.016952406615018845, 0.014555240981280804, 0.011273207142949104]]}, "marital-status": {"classes": ["nan", " Married-civ-spouse", " Divorced", " Never-married", " Widowed", " Married-spouse-absent", " Separated", " Married-AF-spouse"], "embeddings": [[0.01494602207094431, 0.005600557196885347, -0.016400659456849098, 0.019408797845244408, 0.010786717757582664], [-0.05529184266924858, -0.0159470122307539, 0.042433835566043854, 0.030493207275867462, 0.050649356096982956], [0.026310347020626068, 0.027455167844891548, -0.027081048116087914, -0.017813818529248238, -0.02810153365135193], [0.05756784975528717, 0.012617808766663074, -0.053119827061891556, -0.030990874394774437, -0.06734268367290497], [-0.04380310699343681, -0.008933557197451591, 0.05522117018699646, 0.030110828578472137, 0.036722272634506226], [-0.05978335067629814, -0.04613553360104561, 0.0684734657406807, 0.030489064753055573, 0.06498529016971588], [-0.04908164590597153, -0.009134296327829361, 0.036297932267189026, 0.0477171391248703, 0.06047561764717102], [-0.01525624468922615, -0.0006543858908116817, 0.03202930837869644, 0.035248011350631714, 0.039798539131879807]]}, "occupation": {"classes": ["nan", " Exec-managerial", " Prof-specialty", " Other-service", " Handlers-cleaners", " Craft-repair", " Adm-clerical", " Sales", " Machine-op-inspct", " Transport-moving", " ?", " Farming-fishing", " Tech-support", " Protective-serv", " Priv-house-serv", " Armed-Forces"],