{"categories": ["workclass", "education", "marital-status", "occupation", "relationship", "race", "sex"], "workclass": {"classes": ["nan", " Private", " Self-emp-inc", " Self-emp-not-inc", " State-gov", " Federal-gov", " Local-gov", " ?", " Without-pay", " Never-worked"], "embeddings": [[0.004636478144675493, 0.004280876833945513, -0.010277696885168552, 0.003975659608840942, 0.007124159950762987, 0.007018279284238815], [0.005060961935669184, 0.016018103808164597, 0.005011244677007198, -0.0006005013710819185, -0.004583027213811874, -0.017628613859415054], [-0.000943243270739913, 0.012627718038856983, 0.0012419386766850948, 0.004969575442373753, -0.005806314758956432, 0.006861857138574123], [0.004703735467046499, 0.010968928225338459, 0.0015024018939584494, 0.010019633919000626, 0.01775105483829975, 0.0029633347876369953], [-0.01691443845629692, 0.0004806813085451722, -0.009665267542004585, -0.0063885776326060295, -0.007971248589456081, -0.002894814359024167], [0.010808736085891724, -0.007058022543787956, -0.009367984719574451, -0.007717452012002468, 0.006111233029514551, -0.0046188137494027615], [-0.011415044777095318, 0.008704359643161297, -0.008261337876319885, 0.0034564905799925327, -0.0016730909701436758, -0.017189983278512955], [0.017728859558701515, 0.018261397257447243, 0.011562907136976719, 0.007029692176729441, -0.01639292575418949, 0.003169034840539098], [0.0032754498533904552, 0.019652310758829117, -0.0145133500918746, 0.01779816672205925, -0.0012650936841964722, -0.0012333958875387907], [-0.0038092266768217087, 0.0053334711119532585, 0.016855893656611443, -0.012362879700958729, 0.01687881164252758, 0.0038873415905982256]]}, "education": {"classes": ["nan", " Assoc-acdm", " Masters", " HS-grad", " Prof-school", " 7th-8th", " Some-college", " 11th", " Bachelors", " Assoc-voc", " 10th", " 9th", " Doctorate", " 12th", " 1st-4th", " 5th-6th", " Preschool"], "embeddings": [[0.005421062000095844, 0.0016350554069504142, 0.01358096208423376, -0.010460812598466873, 0.010287518613040447, -0.001226488733664155, -0.008271156810224056, -0.005869158543646336], [0.015242918394505978, 0.006528971716761589, -0.0012207857798784971, -0.012380517087876797, -0.00412368169054389, -0.0025521910283714533, 0.001603029202669859, 0.002732615452259779], [-0.003376281587406993, 0.0007839073077775538, -0.0022021541371941566, -0.015301533974707127, 0.008730470202863216, 0.0022946116514503956, -0.0053800237365067005, 0.00399457523599267], [0.00013909714471083134, -0.01106457132846117, -0.003923244308680296, -0.01132988091558218, -0.0013861582847312093, 0.0016582583775743842, -0.004505679942667484, -0.014642513357102871], [-0.0009593938011676073, -0.008298625238239765, -0.003588493447750807, 0.002393118105828762, 0.0006565230432897806, 0.011596283875405788, -0.00047319577424786985, 0.0035988418385386467], [-0.008221116848289967, 0.0034733321517705917, 0.014731356874108315, -0.012696130201220512, 0.001483411411754787, -0.011947658844292164, 0.019612351432442665, -0.007898085750639439], [0.008578511886298656, 0.018375201150774956, 0.005036892369389534, -0.0049866256304085255, -0.00046854373067617416, -0.005205411929637194, 0.018586434423923492, 0.007448840420693159], [0.017009632661938667, -0.0030701409559696913, -0.002101173624396324, -0.008281681686639786, -0.00431982334703207, -0.007443886715918779, -0.0032915982883423567, -0.0008666696958243847], [-0.004240867681801319, 0.011272733099758625, -0.010701214894652367, 0.006011798046529293, 0.0045329853892326355, 0.0003479024744592607, 0.005168132483959198, 0.002879793057218194], [0.008183694444596767, 0.0028160959482192993, -0.003351496998220682, -0.008726685307919979, 0.0008817219058983028, 0.012527143582701683, 0.012727848254144192, -0.0004473972076084465], [0.0049782395362854, -0.0028933200519531965, -0.002356870099902153, -0.011886240914463997, -0.013322150334715843, -0.010050715878605843, 0.019793855026364326, 0.00928468070924282], [-0.0023159789852797985, 0.01109755877405405, -0.0015557639999315143, -0.00793896522372961, -0.007567970082163811, 0.009997593238949776, 0.010638541541993618, 0.01907249540090561], [0.005308041349053383, -0.0044392673298716545, 0.014678112231194973, 0.013002587482333183, 0.016571061685681343, -0.0027391999028623104, 0.013797604478895664, -0.010967658832669258], [0.00910453125834465, 0.003367161611095071, -0.007747374475002289, 0.01630527898669243, -0.0014977531973272562, -0.004217283800244331, 0.0010382389882579446, 0.0069197905249893665], [-0.003831924172118306, 0.0003649397403933108, -0.0010451320558786392, 0.005359334871172905, 0.0035915111657232046, 0.01754978485405445, -0.004627416376024485, 0.009404442273080349], [-0.01267981342971325, -0.0035717603750526905, 0.0029394011944532394, 9.013783710543066e-05, 0.008538166992366314, 0.010797389782965183, -0.015451484359800816, 0.010478400625288486], [0.01618759147822857, -0.012424502521753311, -0.01453627273440361, -0.014051126316189766, 0.004475821740925312, -0.010884767398238182, -0.00045276686432771385, -0.01859954372048378]]}, "marital-status": {"classes": ["nan", " Married-civ-spouse", " Divorced", " Never-married", " Widowed", " Married-spouse-absent", " Separated", " Married-AF-spouse"], "embeddings": [[0.007706144358962774, 0.010496043600142002, -0.004953177645802498, -0.009395425207912922, -0.008047519251704216], [-0.01897754706442356, 0.00785850826650858, -0.0011015289928764105, 0.004767647944390774, 0.00678239157423377], [-0.0057340459898114204, -0.007337323389947414, 0.007776511833071709, -0.016039587557315826, 0.0002930945483967662], [-0.0077113257721066475, -0.0023513580672442913, 0.0028717033565044403, 0.005636019166558981, 0.007550553418695927], [-0.004311608616262674, -0.010909050703048706, 0.008795320056378841, -0.005276288837194443, -0.0002052605850622058], [-0.009190559387207031, -0.01064893789589405, 0.004194139968603849, 0.000570035248529166, -0.001652924926020205], [0.00045828206930309534, 7.431249832734466e-05, -0.005002341698855162, -0.005812442861497402, 0.0007120166555978358], [0.012652129866182804, 0.004041537642478943, -0.008120053447782993, -1.901120413094759e-05, 0.01100471243262291]]}, "occupation": {"classes": ["nan", " Exec-managerial", " Prof-specialty", " Other-service", " Handlers-cleaners", " Craft-repair", " Adm-clerical", " Sales", " Machine-op-inspct", " Transport-moving", " ?", " Farming-fishing", " Tech-support", " Protective-serv", " Priv-house-serv", " Armed-Forces"],