{"categories": ["workclass", "education", "marital-status", "occupation", "relationship", "race", "sex"], "workclass": {"classes": ["nan", " Private", " Self-emp-inc", " Self-emp-not-inc", " State-gov", " Federal-gov", " Local-gov", " ?", " Without-pay", " Never-worked"], "embeddings": [[-0.001066031982190907, -0.01170244999229908, -0.0027925160247832537, 0.006840074900537729, -0.009123814292252064, 0.007087799720466137], [-0.013393206521868706, 0.03232405334711075, -0.008308758027851582, 0.02637419104576111, -0.005090191029012203, -0.016400111839175224], [0.06123873591423035, -0.025994857773184776, 0.0019119635690003633, 0.027638288214802742, 0.0006925523048266768, 0.03982102498412132], [-0.00454011932015419, -0.005260374862700701, -0.0021998556330800056, 0.02386702038347721, -0.014120565727353096, -0.01755473017692566], [-0.0018928562058135867, -0.029066890478134155, -0.0113380691036582, 0.013315481133759022, -0.02300269529223442, -0.006139808334410191], [0.032761383801698685, 0.013181857764720917, 0.02414456196129322, 0.023899508640170097, -0.021526126191020012, 0.011829836294054985], [0.029339395463466644, -0.04665901139378548, 0.00040956985321827233, 0.02550322934985161, -0.028826266527175903, 0.0706712007522583], [-0.07350122183561325, 0.022697392851114273, -0.029954347759485245, -0.03635463863611221, 0.008220930583775043, -0.04135734215378761], [-0.01828964799642563, 0.04734428972005844, -0.04356972500681877, 0.01997688040137291, -0.03479422628879547, -0.05790257453918457], [-0.030275069177150726, 0.050516966730356216, 0.02434428595006466, -0.025453491136431694, 0.03946051001548767, -0.04030065983533859]]}, "education": {"classes": ["nan", " Assoc-acdm", " Masters", " HS-grad", " Prof-school", " 7th-8th", " Some-college", " 11th", " Bachelors", " Assoc-voc", " 10th", " 9th", " Doctorate", " 12th", " 1st-4th", " 5th-6th", " Preschool"], "embeddings": [[0.0064308117143809795, 0.003913518972694874, -0.018534833565354347, 0.019901636987924576, -0.001670150551944971, 0.004395349882543087, 0.01119850855320692, -0.0021592900156974792], [0.018620619550347328, -0.025890717282891273, 0.007244993466883898, 0.006930868607014418, -0.0016466696979478002, 0.022008121013641357, -0.014942103065550327, 0.03411533683538437], [-0.011584511026740074, -0.025259314104914665, -0.025788743048906326, 0.04403309524059296, 0.003707609139382839, 0.028600256890058517, -0.010890623554587364, 0.014411762356758118], [0.006585156545042992, 0.01636127196252346, -0.021476101130247116, 0.01618843711912632, -0.021837081760168076, 0.018672315403819084, -0.010460395365953445, -0.004922210238873959], [0.008807504549622536, 0.007460546679794788, 0.01369506772607565, 0.01031867228448391, 0.002855385886505246, 0.003262686775997281, 0.006562307011336088, -0.008457215502858162], [-0.002527018543332815, 0.001021580770611763, -0.006788760889321566, 0.004148862790316343, 0.01218647975474596, 0.0454489067196846, -0.002962472615763545, -0.01365075446665287], [0.011776220053434372, -0.005225081462413073, 0.012063724920153618, 0.0008390636648982763, 0.006601475644856691, 0.001409498741850257, -0.021861791610717773, 0.02815253660082817], [-0.006378586869686842, 0.012546469457447529, -0.007262533530592918, 0.021302681416273117, -0.02616218291223049, -0.007336956914514303, -0.007415220141410828, -0.02831265516579151], [0.04514973610639572, 0.013050801120698452, 0.03685504570603371, 0.02478167973458767, 0.003539694007486105, -0.03393615409731865, 0.010927051305770874, 0.03309548646211624], [-0.007022382225841284, 0.00489358976483345, -0.02816552296280861, 0.014572210609912872, 0.022743018344044685, 0.015159864909946918, -0.017499584704637527, -0.011821284890174866], [0.020678842440247536, 0.008069314062595367, -0.012385458685457706, 0.008134650066494942, -0.0007776239071972668, -0.006761016324162483, 0.015964262187480927, 0.0071806227788329124], [-0.0092589370906353, -0.0016312934458255768, -0.01254542637616396, -0.018067166209220886, 0.017948277294635773, -0.0207663644105196, 0.006961464416235685, -0.0011497375089675188], [-0.0009364884463138878, 0.00485894875600934, 0.014637624844908714, 0.027767863124608994, -0.0011147316545248032, 0.006666974630206823, 0.021921934559941292, -0.009630340151488781], [-0.003658977570012212, 0.011607581749558449, -0.001812841510400176, 0.007909879088401794, -0.023801816627383232, -0.02347538247704506, 0.03931714966893196, 0.011958352290093899], [-0.007969804108142853, 0.01779644377529621, -0.04261753708124161, 0.040856316685676575, -0.013699556700885296, -0.020100338384509087, 0.016840504482388496, 0.02792225405573845], [-0.037981387227773666, -0.029910296201705933, -0.030946148559451103, -0.05016297847032547, 0.01865985430777073, 0.043368149548769, -0.04667205736041069, -0.03669567033648491], [-0.008905626833438873, -0.0020986245945096016, 0.016410794109106064, -0.04244617000222206, 0.012885281816124916, 0.001426097471266985, -0.00740947388112545, 0.007552234921604395]]}, "marital-status": {"classes": ["nan", " Married-civ-spouse", " Divorced", " Never-married", " Widowed", " Married-spouse-absent", " Separated", " Married-AF-spouse"], "embeddings": [[0.00974308978766203, -0.002316035097464919, -0.0009257130441255867, 0.003051885636523366, 0.005169215612113476], [-0.028855295851826668, 0.02501862496137619, 0.026191895827651024, 0.006108616013079882, -0.03820643201470375], [0.024485096335411072, -0.022282393649220467, -0.023009538650512695, 0.021136179566383362, -0.0003998643078375608], [0.03840887174010277, -0.07414594292640686, -0.06403487175703049, 0.02117082290351391, 0.01659451797604561], [-0.02995416149497032, 0.05028635635972023, 0.046181730926036835, -0.02985483966767788, -0.05157679691910744], [-0.0319909043610096, 0.04924941435456276, 0.04531589522957802, -0.02513713575899601, -0.004231645725667477], [-0.02502470649778843, 0.03591194376349449, 0.019456254318356514, 0.01601371355354786, -0.034283339977264404], [-0.006469440180808306, 0.007338278461247683, 0.015574260614812374, -0.0033605145290493965, -0.013945437967777252]]}, "occupation": {"classes": ["nan", " Exec-managerial", " Prof-specialty", " Other-service", " Handlers-cleaners", " Craft-repair", " Adm-clerical", " Sales", " Machine-op-inspct", " Transport-moving", " ?", " Farming-fishing", " Tech-support", " Protective-serv", " Priv-house-serv", " Armed-Forces"],