{"categories": ["workclass", "education", "marital-status", "occupation", "relationship", "race", "sex"], "workclass": {"classes": ["nan", " Private", " Self-emp-inc", " Self-emp-not-inc", " State-gov", " Federal-gov", " Local-gov", " ?", " Without-pay", " Never-worked"], "embeddings": [[-0.006539755035191774, -0.008225983940064907, -0.0013125515542924404, 0.017897114157676697, -0.0030673497822135687, -6.76233830745332e-05], [-0.03646913915872574, 0.004173616878688335, 0.0075456141494214535, -0.03058844618499279, -0.019997619092464447, -0.03337710350751877], [0.06327541172504425, -0.02397211082279682, 0.0010161036625504494, 0.03775591775774956, 0.04395952448248863, 0.01142193004488945], [-0.01612357795238495, 0.033955011516809464, 0.04758701100945473, -0.017552994191646576, -0.0049261609092354774, -0.03937959671020508], [-0.012305430136620998, -0.01781230978667736, -0.01210939884185791, -0.018779030069708824, 0.0229685977101326, 0.01693413406610489], [0.014207730069756508, -0.0007547789136879146, -0.0032811963465064764, -0.022116132080554962, 0.03659650310873985, -0.0006858210545033216], [0.04366843029856682, -0.06731604039669037, -0.02187970094382763, 0.04196174070239067, 0.05895555391907692, 0.043981291353702545], [-0.06807177513837814, 0.02433065138757229, -0.0419921800494194, 0.006161985918879509, -0.06688708811998367, -1.930493272084277e-05], [0.004587454721331596, 0.0028580892831087112, 0.03238864988088608, -0.0261638592928648, -0.034520819783210754, -0.0492280013859272], [-0.028454313054680824, 0.04107706993818283, 0.022056056186556816, -0.03430693596601486, -0.038431763648986816, -0.04016812890768051]]}, "education": {"classes": ["nan", " Assoc-acdm", " Masters", " HS-grad", " Prof-school", " 7th-8th", " Some-college", " 11th", " Bachelors", " Assoc-voc", " 10th", " 9th", " Doctorate", " 12th", " 1st-4th", " 5th-6th", " Preschool"], "embeddings": [[0.00967455469071865, -0.0011358569609001279, -0.0007152814650908113, -0.010581252165138721, -0.0003487463982310146, -0.012004001066088676, 0.0018980453023687005, -0.006603152956813574], [0.012017480097711086, 0.015232840552926064, -0.0006182388751767576, -0.03476305678486824, 0.0066397106274962425, -0.0044479938223958015, -0.005809369497001171, 0.006523634307086468], [-0.009212354198098183, -0.004445753991603851, 0.033013999462127686, 0.030239906162023544, -0.053711794316768646, -0.007261526305228472, -0.037144072353839874, 0.047970958054065704], [-0.029532667249441147, -0.013619417324662209, 0.01011419016867876, 0.020237501710653305, -0.008546375669538975, 0.010616662912070751, 0.007443839684128761, 0.024866776540875435], [-0.012836840003728867, -0.027056321501731873, 0.004681418649852276, -0.005352579988539219, -0.0015547440852969885, 0.005678796209394932, -0.009228202514350414, 0.03441658988595009], [0.005176778417080641, 0.025680074468255043, -0.009703535586595535, -0.025974895805120468, 0.004340325482189655, 0.0073824236169457436, 0.018389366567134857, 0.01222460437566042], [-0.03342992439866066, -0.01133443508297205, 0.00814051739871502, 0.0008787193219177425, 0.01901632361114025, -0.006717795040458441, 0.009889868088066578, 0.0031398735009133816], [-0.020452378317713737, -0.018784718587994576, -0.013571623712778091, 0.025287935510277748, -0.031873222440481186, 0.010894451290369034, -0.018003756180405617, -0.02055598981678486], [-0.04290010407567024, 0.0015490875812247396, -0.0012611789861693978, 0.050192587077617645, -0.005776546895503998, -0.015235299244523048, -0.0035708306822925806, 0.05392896384000778], [-0.0334232822060585, 0.0203412976115942, -0.0358329601585865, 0.01948409155011177, -0.014857755973935127, 0.008966577239334583, -0.022402551025152206, -0.003159108106046915], [-0.009919855743646622, 0.015325257554650307, -0.010654548183083534, -0.003132333979010582, 0.033647678792476654, 0.00565718300640583, 0.00904266256839037, 0.012737744487822056], [0.020941365510225296, -0.009435703046619892, 0.013027310371398926, -0.03808207809925079, 0.021682368591427803, 0.014512591063976288, 0.023771051317453384, -0.018766451627016068], [-0.007800966035574675, 0.0031107719987630844, -0.0021603312343358994, 0.016368918120861053, 0.01609981246292591, 0.002223580377176404, -0.002355621661990881, -0.004568442236632109], [0.002557336585596204, 0.01592200994491577, 0.0022339446004480124, -0.011869339272379875, 0.015356062911450863, 0.026460617780685425, -0.013792335987091064, -0.014565284363925457], [0.007421571295708418, -0.0015354284550994635, 0.009774869307875633, 0.02282821573317051, -0.002646216657012701, 0.0008501833071932197, -0.020411308854818344, 2.047499583568424e-05], [0.039031174033880234, -0.019532615318894386, 0.009198654443025589, -0.01946008950471878, -0.03057589754462242, -0.01611393690109253, 0.01655944250524044, -0.054465435445308685], [0.017069021239876747, -0.0005259920144453645, -0.005828571505844593, -0.005594901740550995, 0.027738085016608238, 0.025659766048192978, 0.03511995077133179, -0.00014924864808563143]]}, "marital-status": {"classes": ["nan", " Married-civ-spouse", " Divorced", " Never-married", " Widowed", " Married-spouse-absent", " Separated", " Married-AF-spouse"], "embeddings": [[0.008277212269604206, 0.012698321603238583, -0.008126691915094852, 0.004524554125964642, 0.01148259174078703], [0.030024820938706398, 0.029320361092686653, -0.04832732304930687, 0.03095097467303276, 0.03191070258617401], [-0.02486875094473362, -0.02274620346724987, 0.022503603249788284, -0.01618056930601597, -0.0027275648899376392], [-0.06283760070800781, -0.07037898898124695, 0.07320990413427353, -0.04066072404384613, -0.06596802920103073], [0.02209479734301567, 0.033752284944057465, -0.030848128721117973, 0.01228821836411953, 0.012536103837192059], [0.04410974681377411, 0.042434487491846085, -0.049671050161123276, 0.02167135663330555, 0.03638165816664696], [0.053838878870010376, 0.049115218222141266, -0.05724773555994034, 0.03963369503617287, 0.04457280784845352], [0.021546579897403717, 0.022218335419893265, -0.02004336193203926, 0.012333179824054241, 0.04850611090660095]]}, "occupation": {"classes": ["nan", " Exec-managerial", " Prof-specialty", " Other-service", " Handlers-cleaners", " Craft-repair", " Adm-clerical", " Sales", " Machine-op-inspct", " Transport-moving", " ?", " Farming-fishing", " Tech-support", " Protective-serv", " Priv-house-serv", " Armed-Forces"],