{"categories": ["workclass", "education", "marital-status", "occupation", "relationship", "race", "sex"], "workclass": {"classes": ["nan", " Private", " Self-emp-inc", " Self-emp-not-inc", " State-gov", " Federal-gov", " Local-gov", " ?", " Without-pay", " Never-worked"], "embeddings": [[-0.018039247021079063, -0.0069203549064695835, -0.00575760193169117, 0.00857423897832632, -0.0035669412463903427, 0.004865872673690319], [-0.01182327140122652, 0.01953568123281002, -0.001608277321793139, 0.00660440418869257, 0.00254961010068655, 0.00579978758469224], [-0.0042267427779734135, -0.00013673838111571968, -0.007883095182478428, -0.0074390540830791, 0.012789522297680378, -0.0006545344367623329], [-0.010020289570093155, -0.0014734220458194613, 0.004329650197178125, -0.007639926392585039, 0.019559066742658615, -0.0014215832343325019], [-0.0023102345876395702, -0.001373531180433929, 0.0020672851242125034, 0.016957461833953857, 0.003351358463987708, -0.01744135655462742], [-0.0013409933308139443, 0.010899488814175129, 0.019812852144241333, 0.004597567953169346, 0.00034279911778867245, -0.005463484209030867], [0.009484545327723026, -0.008347650989890099, -0.007144585717469454, -0.0033857279922813177, -0.013476463034749031, 0.01024671271443367], [-0.0008852682076394558, 0.0010867208475247025, 0.00706498371437192, 0.0015413479413837194, -0.0077897971495985985, -0.01688425987958908], [-0.005553441122174263, 0.002205779543146491, 0.006614379119127989, -0.019073117524385452, -0.004439590498805046, -0.008454075083136559], [0.007303871214389801, -0.005550280679017305, 0.0053092860616743565, -0.0022567736450582743, 0.005819598212838173, -0.014144380576908588]]}, "education": {"classes": ["nan", " Assoc-acdm", " Masters", " HS-grad", " Prof-school", " 7th-8th", " Some-college", " 11th", " Bachelors", " Assoc-voc", " 10th", " 9th", " Doctorate", " 12th", " 1st-4th", " 5th-6th", " Preschool"], "embeddings": [[-0.006383147556334734, 0.0057050203904509544, -0.013740039430558681, 0.0014946883311495185, -0.015104721300303936, 0.0012344209244474769, -0.00821550004184246, -0.012779463082551956], [-0.0022209372837096453, 0.014536458067595959, -0.0017406853148713708, 0.000305384659441188, 0.004510549828410149, 0.005315920803695917, 0.0029715728014707565, 0.018841512501239777], [0.010791565291583538, 0.012952541932463646, -0.0041649360209703445, 0.0019090177956968546, -0.015927592292428017, 0.005012282636016607, 0.0008629558724351227, 0.013082204386591911], [0.00024351444153580815, -0.005176238249987364, 0.012436606921255589, 0.005556513089686632, -0.017927050590515137, -0.005066524725407362, -0.009098874405026436, 0.006706571206450462], [0.0030196134466677904, -0.005411566235125065, 0.007439028937369585, 0.0021818990353494883, -0.0033280837815254927, 0.014253067784011364, -0.004743106197565794, -0.005318379960954189], [0.005355651490390301, 0.0052041905000805855, 0.008411030285060406, 0.0037726040463894606, -0.01915689930319786, 0.01185655128210783, -0.009775979444384575, -0.012033780105412006], [-0.0028647230938076973, -0.008144550025463104, 0.016263356432318687, -0.006189074367284775, 0.012200642377138138, 0.011245344765484333, 0.011243742890655994, 0.017123255878686905], [-0.003948095254600048, -0.005667845252901316, -0.010828942991793156, 0.011869830079376698, -0.0019677530508488417, 0.014550726860761642, 0.0046381414867937565, 0.00463045435026288], [0.003242399310693145, 0.014513923786580563, 0.0009848852641880512, 0.002788382116705179, -0.011103365570306778, 0.008650721982121468, 0.0019878828898072243, -0.015854796394705772], [-0.006774707231670618, 0.016120897606015205, 0.0017881725216284394, -0.019521178677678108, 0.010760377161204815, 0.0009252799209207296, 0.006750795524567366, 0.0038561976980417967], [-0.0026442145463079214, 0.004435612820088863, 0.006376059725880623, -0.0024331905879080296, 0.0002930820919573307, -0.004206223879009485, 0.009885972365736961, 0.004089875612407923], [-0.006500581745058298, 0.00028629356529563665, 0.008961041457951069, 0.003124534385278821, -0.002821409609168768, 0.005103920120745897, 0.0006952848052605987, -0.010497013106942177], [-0.003535666735842824, 0.006021101493388414, -0.0067020440474152565, 0.016177747398614883, -0.014737864024937153, -0.00952714029699564, 0.007858013734221458, -0.005703847389668226], [-0.00817401148378849, 0.005832331255078316, -0.009231043048202991, 0.0011061863042414188, 0.008123098872601986, 0.007927223108708858, -0.005038219504058361, -0.004792619962245226], [0.007509200368076563, 0.005095347762107849, 0.01031716912984848, -0.005544290412217379, 0.013664714060723782, 0.0025005482602864504, -0.007380928844213486, 0.013117816299200058], [0.009753672406077385, -0.019875893369317055, -0.0007047255057841539, 0.005475660320371389, -0.007329616229981184, -0.0007473359000869095, -0.012064347043633461, 0.016846194863319397], [0.008531451225280762, -0.004030205309391022, -0.010494696907699108, -0.012075967155396938, 0.0012861298164352775, -0.003509549191221595, -0.0023046040441840887, -0.00866550300270319]]}, "marital-status": {"classes": ["nan", " Married-civ-spouse", " Divorced", " Never-married", " Widowed", " Married-spouse-absent", " Separated", " Married-AF-spouse"], "embeddings": [[0.008026523515582085, -0.013168967328965664, -0.007062001619488001, -0.0007143456605263054, -0.0076254247687757015], [-0.007368859369307756, -0.0014913982013240457, -0.012738339602947235, -0.008376340381801128, -0.0017375389579683542], [0.003259612014517188, -0.005732476711273193, -0.0072491890750825405, 0.010163111612200737, 0.0186265017837286], [-0.0031796139664947987, -0.0034620133228600025, 0.013552547432482243, 0.015847401693463326, -0.0038499529473483562], [-0.004609888885170221, 0.016057025641202927, 0.007228614296764135, -0.011311928741633892, -0.004973034840077162], [-0.004895901773124933, 0.019935689866542816, 0.012793894857168198, -0.004964302759617567, -0.012186327949166298], [-0.010155660100281239, 0.01584610715508461, -0.006842383183538914, -0.01354760117828846, -0.0009465139009989798], [0.012006569653749466, 0.001845254679210484, -7.508748240070418e-05, 0.016479002311825752, -0.017641955986618996]]}, "occupation": {"classes": ["nan", " Exec-managerial", " Prof-specialty", " Other-service", " Handlers-cleaners", " Craft-repair", " Adm-clerical", " Sales", " Machine-op-inspct", " Transport-moving", " ?", " Farming-fishing", " Tech-support", " Protective-serv", " Priv-house-serv", " Armed-Forces"],