{"categories": ["workclass", "education", "marital-status", "occupation", "relationship", "race", "sex"], "workclass": {"classes": ["nan", " Private", " Self-emp-inc", " Self-emp-not-inc", " State-gov", " Federal-gov", " Local-gov", " ?", " Without-pay", " Never-worked"], "embeddings": [[-0.001311842235736549, -0.0056006708182394505, 0.009308705106377602, -0.007058889605104923, -0.005193124525249004, 0.0046072048135101795], [-0.013881701976060867, 0.0055008395574986935, -0.005552926100790501, -0.005978531204164028, -0.043166812509298325, -0.007050629239529371], [-0.05512823164463043, -0.03975847736001015, 0.05687272176146507, 0.047252070158720016, 0.02915850840508938, -0.03955288976430893], [-0.017327720299363136, 0.009638765826821327, -0.01731942780315876, -0.0071492912247776985, 0.01824442856013775, 0.03466803953051567], [0.043117642402648926, -0.004021630622446537, -0.00925315823405981, 0.005009924992918968, -0.015011746436357498, -0.009642432443797588], [-0.024324879050254822, 0.003469567745923996, 0.011497776955366135, 0.010148642584681511, 0.015633270144462585, -0.05620552971959114], [-0.023257873952388763, -0.06923475861549377, 0.03991508483886719, 0.05046607926487923, 0.040084581822156906, -0.017511965706944466], [0.03322532773017883, 0.03263460844755173, -0.037274882197380066, -0.04180710390210152, -0.01659398153424263, 0.049901265650987625], [0.009974468499422073, 0.011431114748120308, -0.016524281352758408, -0.03733910620212555, -0.05509158968925476, 0.02663106843829155], [0.03553103283047676, 0.03489140793681145, -0.04658951610326767, -0.03743806481361389, -0.028818413615226746, 0.03302257880568504]]}, "education": {"classes": ["nan", " Assoc-acdm", " Masters", " HS-grad", " Prof-school", " 7th-8th", " Some-college", " 11th", " Bachelors", " Assoc-voc", " 10th", " 9th", " Doctorate", " 12th", " 1st-4th", " 5th-6th", " Preschool"], "embeddings": [[0.018468337133526802, -0.0017773048020899296, 0.009806138463318348, -0.010693519376218319, -0.009603402577340603, -0.004646037705242634, -0.012949620373547077, 0.008624213747680187], [0.015594840049743652, -0.0065144444815814495, 0.019694365561008453, -0.006284650415182114, 0.03074515052139759, 0.007213049568235874, -0.009740721434354782, 0.012922310270369053], [-0.0014477475779131055, -0.0346258170902729, -0.0198528990149498, 0.00824769213795662, -0.027952009811997414, -0.05718265473842621, 0.05805053189396858, -0.03169955313205719], [-0.02299681305885315, 0.0098572988063097, 0.025643890723586082, 0.009656980633735657, 0.015512731857597828, -0.014823325909674168, -0.00903285015374422, -0.006224602460861206], [0.02706165239214897, -0.015336990356445312, -0.019556615501642227, 0.011524028144776821, -0.025610577315092087, -0.002935000229626894, 0.03518318384885788, -0.0022903333883732557], [-0.04339899867773056, 0.013437370769679546, -0.018958112224936485, 0.01713727042078972, 0.013294044882059097, -0.00016781625163275748, 0.014505947008728981, -0.0013198013184592128], [-0.01908666081726551, 0.03619341179728508, -0.015018834732472897, -0.011319853365421295, -0.005911644548177719, -0.0019260933622717857, 0.015338925644755363, -0.025509225204586983], [-0.031286198645830154, -0.047804225236177444, -0.02407366782426834, 0.013522735796868801, -0.0382210947573185, -0.03344039246439934, 0.04074252024292946, 0.011633265763521194], [0.017473330721259117, -0.03748060762882233, 0.002208801917731762, 0.05003916844725609, 0.01540297456085682, 0.0072498745284974575, 0.04442133009433746, 0.04274135082960129], [-0.012335953302681446, 0.008918602019548416, -0.016273535788059235, -0.00612371601164341, -0.012472283095121384, -0.008818279020488262, 3.0074414098635316e-05, -0.019162828102707863], [0.0033254644367843866, -0.02753661759197712, -0.0178671944886446, -0.0020283497869968414, -0.027506275102496147, -0.02623925730586052, 0.019485559314489365, 0.01088306587189436], [0.03009933978319168, 0.01891344040632248, 0.02477976679801941, -0.02060682699084282, 0.04637077450752258, 0.016797004267573357, -0.030226530507206917, -0.0030235196463763714], [0.00100518309045583, -0.0010783271864056587, 0.00041031092405319214, -0.008071108721196651, 0.008082087151706219, -0.013618704862892628, -0.0011726905358955264, 0.01826746016740799], [0.024260500445961952, -0.0004198463575448841, -0.002702975645661354, -0.011033132672309875, -0.012423706240952015, 0.04876873642206192, 0.02304551936686039, 0.005689055658876896], [-0.008869562298059464, 0.012915992178022861, -0.01036322396248579, 0.01811426877975464, 0.005231136456131935, -0.022971689701080322, 0.0068413796834647655, -0.008736412040889263], [-0.031429361552000046, 0.05508265644311905, -0.022960633039474487, -0.02986840158700943, -0.018251830711960793, 0.012721179984509945, -0.04952041059732437, -0.05670430511236191], [0.004382999613881111, 0.030141141265630722, 0.00010573847976047546, -0.01283456664532423, 0.039634328335523605, 0.01756356842815876, -0.013882503844797611, 0.0023183925077319145]]}, "marital-status": {"classes": ["nan", " Married-civ-spouse", " Divorced", " Never-married", " Widowed", " Married-spouse-absent", " Separated", " Married-AF-spouse"], "embeddings": [[-0.012008365243673325, 0.0009881540900096297, -0.0033191805705428123, -0.01220021117478609, -0.0025059774052351713], [-0.04676510766148567, -0.05749659240245819, 0.02755666710436344, 0.03285295516252518, -0.028714297339320183], [0.013138831593096256, 0.02121036686003208, -0.0030008552130311728, -0.02018546313047409, 0.005975738633424044], [0.07061731070280075, 0.07570122182369232, -0.050067827105522156, -0.06753088533878326, 0.06837386637926102], [-0.03426619991660118, -0.036224622279405594, 0.01585177145898342, 0.010215326212346554, -0.022532176226377487], [-0.043546248227357864, -0.06321720033884048, 0.009813450276851654, 0.036820996552705765, -0.060172390192747116], [-0.049599647521972656, -0.03838733211159706, 0.04400406405329704, 0.04344923049211502, -0.03229948878288269], [-0.04134845733642578, -0.026137934997677803, 0.03114304319024086, 0.020311478525400162, -0.02588927559554577]]}, "occupation": {"classes": ["nan", " Exec-managerial", " Prof-specialty", " Other-service", " Handlers-cleaners", " Craft-repair", " Adm-clerical", " Sales", " Machine-op-inspct", " Transport-moving", " ?", " Farming-fishing", " Tech-support", " Protective-serv", " Priv-house-serv", " Armed-Forces"],