{"categories": ["workclass", "education", "marital-status", "occupation", "relationship", "race", "sex"], "workclass": {"classes": ["nan", " Private", " Self-emp-inc", " Self-emp-not-inc", " State-gov", " Federal-gov", " Local-gov", " ?", " Without-pay", " Never-worked"], "embeddings": [[-0.012456354685127735, -0.0019365822663530707, -0.007046837359666824, -0.00165396963711828, -0.0014693433186039329, 0.01434169802814722], [-0.00023618116392754018, -0.008502550423145294, -0.01273774541914463, -0.033150989562273026, -0.027437789365649223, -0.00684141693636775], [-0.021585693582892418, -0.02075442299246788, 0.03908826783299446, 0.048061225563287735, 0.05730978772044182, 0.05189324542880058], [-0.012484550476074219, -0.00386075209826231, 0.006217700429260731, -0.027337871491909027, -0.027323851361870766, -0.019231583923101425], [-0.023185651749372482, 0.0033709011040627956, -0.011610250920057297, 0.03206593543291092, 0.031722474843263626, -0.00869930349290371], [0.02819826453924179, -0.021857379004359245, 0.010010541416704655, 0.039625003933906555, 0.007650571875274181, 0.0018966461066156626], [-0.021779369562864304, -0.006360194180160761, 0.013582073152065277, 0.07627660781145096, 0.07210256904363632, 0.008130001835525036], [-0.005223030690103769, 0.0014405890833586454, -0.027643883600831032, -0.04811593517661095, -0.036896247416734695, -0.03427009657025337], [0.0011221898021176457, 0.026714932173490524, -0.00766815897077322, -0.05063917487859726, -0.023679057136178017, 0.00010971502342727035], [0.030895482748746872, 0.025198552757501602, 0.013735671527683735, -0.03217114880681038, -0.0246722549200058, -0.02102869190275669]]}, "education": {"classes": ["nan", " Assoc-acdm", " Masters", " HS-grad", " Prof-school", " 7th-8th", " Some-college", " 11th", " Bachelors", " Assoc-voc", " 10th", " 9th", " Doctorate", " 12th", " 1st-4th", " 5th-6th", " Preschool"], "embeddings": [[0.01208420842885971, 0.00613818783313036, -0.009364782832562923, -0.018978988751769066, -0.0028961009811609983, -0.012541520409286022, -0.004189097788184881, -0.007266845554113388], [-0.026934970170259476, -0.002314810873940587, 0.0008996232645586133, 0.018511230126023293, -0.0016972396988421679, -0.004599313251674175, 0.012989404611289501, -0.013359297066926956], [-0.04684802144765854, 0.03896753862500191, -0.02485080063343048, 0.019749341532588005, -0.028088491410017014, -0.038251958787441254, 0.047739312052726746, 0.02393651194870472], [-0.00918145664036274, 0.015459292568266392, -0.00304627139121294, 0.007384113967418671, 0.007400989066809416, -0.0249082800000906, 0.025088878348469734, -0.012368405237793922], [-0.005519279278814793, -0.012029347941279411, 0.006408046931028366, -0.04616112634539604, 0.010759685188531876, 0.016235899180173874, -0.018569162115454674, -0.005426943302154541], [-0.00039721603388898075, -0.007980470545589924, -0.004558098502457142, -0.0018493187380954623, -0.004913213197141886, -0.025769084692001343, 0.030794961377978325, 0.023237841203808784], [-0.004353935830295086, -0.0005582544836215675, -0.028208788484334946, 0.01823338121175766, 0.01320864912122488, -0.038208749145269394, 0.021895596757531166, 0.015347599051892757], [-0.009420300833880901, 0.02466735430061817, 0.008016384206712246, 0.018833225592970848, 0.008451385423541069, -0.04552635923027992, 0.01927255466580391, 0.00894153118133545], [-0.051833152770996094, 0.013886743225157261, -0.027254367247223854, 0.004474622663110495, -0.04533195123076439, -0.043009642511606216, 0.03513878956437111, 0.006755971349775791], [0.005487875081598759, -0.019761178642511368, -0.019303513690829277, 0.014542910270392895, -0.03575294464826584, 0.01584593951702118, 0.00894415844231844, -0.011643684469163418], [0.014352069236338139, 0.003044517943635583, 0.01775270700454712, -0.01658518984913826, -0.021107297390699387, -0.0018964889459311962, 0.0030993870459496975, 9.638606570661068e-05], [0.01063617318868637, 0.013125165365636349, 0.001877936301752925, 0.017520103603601456, 0.026736225932836533, -0.014653868041932583, -0.025342527776956558, -0.018444783985614777], [0.015760835260152817, -0.015603287145495415, -0.005213470198214054, -0.013842703774571419, 0.010336777195334435, 0.022448712959885597, 0.007320137694478035, 0.011400946415960789], [0.009352870285511017, 0.006257484667003155, 0.003893395187333226, -0.022569844499230385, 0.01777653768658638, -0.008292020298540592, 0.0067928810603916645, -0.023489145562052727], [0.0022470499388873577, 0.0011463023256510496, -0.005119225010275841, 0.023308707401156425, 0.012017246335744858, -0.008875798434019089, -0.01678774505853653, 0.004022428300231695], [0.04925651103258133, -0.003933804575353861, 0.02730574458837509, 0.017309948801994324, 0.027987157925963402, -0.002843879396095872, -0.062314223498106, 0.014717821963131428], [0.015014002099633217, -0.01906416192650795, 0.029288655146956444, -0.0012787546729668975, -0.0001406361407134682, 0.003966181538999081, -0.015803314745426178, -0.008677886798977852]]}, "marital-status": {"classes": ["nan", " Married-civ-spouse", " Divorced", " Never-married", " Widowed", " Married-spouse-absent", " Separated", " Married-AF-spouse"], "embeddings": [[0.00031256978400051594, -0.010927206836640835, -0.003669535042718053, -0.0012157974997535348, 0.0032213390804827213], [-0.04504367709159851, 0.06620046496391296, 0.026079174131155014, -0.021726416423916817, -0.043949853628873825], [0.022121014073491096, -0.023341994732618332, -0.041530948132276535, -0.008582966402173042, 0.030499059706926346], [0.05035468190908432, -0.0705595314502716, -0.05379294976592064, -0.005249976180493832, 0.06422650814056396], [-0.02592141181230545, 0.03503216430544853, 0.03336832672357559, -0.01539330743253231, -0.039259638637304306], [-0.040150173008441925, 0.07465740293264389, 0.04694591090083122, 0.029020046815276146, -0.05313277244567871], [-0.06126236170530319, 0.03542361408472061, 0.03651084005832672, -0.0355861634016037, -0.03278365358710289], [-0.01680140569806099, 0.045426830649375916, 0.009429297409951687, 0.0079270014539361, -0.018759334459900856]]}, "occupation": {"classes": ["nan", " Exec-managerial", " Prof-specialty", " Other-service", " Handlers-cleaners", " Craft-repair", " Adm-clerical", " Sales", " Machine-op-inspct", " Transport-moving", " ?", " Farming-fishing", " Tech-support", " Protective-serv", " Priv-house-serv", " Armed-Forces"],