{"categories": ["workclass", "education", "marital-status", "occupation", "relationship", "race", "sex"], "workclass": {"classes": ["nan", " Private", " Self-emp-inc", " Self-emp-not-inc", " State-gov", " Federal-gov", " Local-gov", " ?", " Without-pay", " Never-worked"], "embeddings": [[-0.005662206094712019, 0.0018611951963976026, 0.014417022466659546, 0.009749215096235275, 0.014057322405278683, 0.005689293146133423], [-0.03170877695083618, 0.0007080352515913546, 0.007708179298788309, 0.01392681710422039, -0.02213324047625065, -0.022561892867088318], [0.05326906964182854, -0.006259355694055557, 0.04690239578485489, -0.031412478536367416, 0.05740727484226227, 0.03219074383378029], [0.016474230214953423, 0.036470554769039154, -0.012197568081319332, 0.0023384999949485064, -0.014353327453136444, -0.007881936617195606], [-0.01202450878918171, 0.020424380898475647, 0.002648564288392663, -0.0055254683829844, 0.02361101098358631, -0.036165665835142136], [-0.008560717105865479, 0.04607764258980751, 0.006699641700834036, -0.002566457958891988, 0.023174209520220757, -0.05088367313146591], [0.06186653673648834, -0.042678818106651306, 0.04059737175703049, -0.04031477868556976, 0.057629428803920746, 0.045323681086301804], [0.0216431375592947, -0.012552221305668354, -0.04403200000524521, 0.07874694466590881, -0.051963336765766144, 0.003953819628804922], [-0.03492653742432594, -0.024042390286922455, -0.049133118242025375, 0.003897929098457098, -0.023449158295989037, -0.0003144782967865467], [-0.024186763912439346, 0.014989424496889114, -0.0407918244600296, 0.03635071590542793, -0.042643506079912186, -0.028515804558992386]]}, "education": {"classes": ["nan", " Assoc-acdm", " Masters", " HS-grad", " Prof-school", " 7th-8th", " Some-college", " 11th", " Bachelors", " Assoc-voc", " 10th", " 9th", " Doctorate", " 12th", " 1st-4th", " 5th-6th", " Preschool"], "embeddings": [[-0.0017018524231389165, -0.008180934004485607, 0.0004132372559979558, 0.00359534309245646, 2.9165108571760356e-05, -0.018593326210975647, 0.006103857420384884, -0.008684854954481125], [0.007507975213229656, -0.007269706577062607, -0.0020034597255289555, -0.002931211143732071, -0.0027567229699343443, -0.003933488391339779, -0.012552098371088505, 0.008691579103469849], [-0.022177107632160187, -0.019915129989385605, -0.006948572117835283, 0.02492106519639492, 0.01753072254359722, -0.026100879535079002, -0.022852418944239616, -0.015005321241915226], [-0.007940072566270828, -0.013812635093927383, -0.008944401517510414, 0.014364121481776237, -0.022156504914164543, -0.04530791938304901, 0.007204179652035236, 0.028711596503853798], [-0.0049745142459869385, -0.000398696749471128, -0.03248228877782822, 0.015966810286045074, -0.020056437700986862, -0.017627744004130363, -0.002661764621734619, -0.009478438645601273], [0.0027412688359618187, 0.033434245735406876, -0.012881431728601456, -0.026762790977954865, -0.005653699394315481, 0.014822331257164478, 0.017127668485045433, -0.0020354087464511395], [-0.02115979604423046, 0.025972843170166016, 0.0002597387065179646, 0.022518405690789223, -0.032696984708309174, -0.015192059800028801, -0.02878599427640438, -0.013394403271377087], [0.0026251766830682755, 0.005178788676857948, -0.010012068785727024, 0.029785551130771637, 0.008234945125877857, -0.016482284292578697, 0.008799033239483833, -0.021652119234204292], [-0.02471795678138733, -0.012648740783333778, -0.02684958651661873, -0.017105624079704285, -0.08486458659172058, -0.0556270033121109, -0.04700680077075958, -0.04981027543544769], [-0.014704403467476368, 0.0009028296335600317, 0.01409904845058918, 0.0003001875302288681, 0.009933154098689556, -0.01477894652634859, 0.017909610643982887, -0.0065503204241395], [-0.0007947361445985734, -0.032698921859264374, -0.02236008830368519, -0.011617878451943398, -0.009862571954727173, -0.0035858021583408117, -0.009611680172383785, 0.01019716914743185], [-0.023496665060520172, 0.019332917407155037, 0.018296489492058754, 0.03270452469587326, 0.02395905740559101, -0.00034530210541561246, -0.013495909981429577, -0.0049345837906003], [0.008152905851602554, -0.0016161615494638681, -0.002846664749085903, -0.01616644114255905, -0.0026115458458662033, -0.000978965312242508, 0.007412466686218977, 0.007637710776180029], [0.0019971723668277264, 0.007492783013731241, -0.006890042684972286, -0.03257999196648598, -0.011529110372066498, -0.007491651922464371, 0.008593093603849411, 0.002362353028729558], [0.006644722074270248, -0.015323384664952755, 0.0057414863258600235, -0.00853021815419197, -0.002408680273219943, 0.01865820586681366, -0.006911712698638439, -0.046116095036268234], [0.03387347236275673, 0.03227243945002556, 0.04593023657798767, 0.013190863654017448, 0.03114679828286171, 0.0623573400080204, 0.03301277011632919, 0.05932209640741348], [0.025269756093621254, 0.01840028539299965, 0.032082755118608475, -0.004659285303205252, -0.003084477037191391, 0.011281894519925117, 0.0035998865496367216, 0.006601467728614807]]}, "marital-status": {"classes": ["nan", " Married-civ-spouse", " Divorced", " Never-married", " Widowed", " Married-spouse-absent", " Separated", " Married-AF-spouse"], "embeddings": [[-0.005654011853039265, 0.00389597425237298, -0.019006088376045227, 0.0049657984636723995, 0.007564644329249859], [-0.010492801666259766, 0.046895820647478104, 0.05661913752555847, 0.06593599915504456, -0.03594514727592468], [0.01437438279390335, -0.04195498675107956, -0.03864120692014694, -0.020398013293743134, 0.022950736805796623], [0.02188589610159397, -0.059161312878131866, -0.05957188457250595, -0.07414402812719345, 0.05450434237718582], [0.0027551264502108097, 0.03947649896144867, 0.031671833246946335, 0.04812588542699814, -0.02205047383904457], [-0.0369032584130764, 0.06484956294298172, 0.03574509918689728, 0.05015251040458679, -0.04829377681016922], [-0.035708215087652206, 0.036342803388834, 0.06351111084222794, 0.0667620375752449, -0.05792631208896637], [-0.008881163783371449, 0.023705903440713882, 0.017498433589935303, 0.009200461208820343, -0.01764601841568947]]}, "occupation": {"classes": ["nan", " Exec-managerial", " Prof-specialty", " Other-service", " Handlers-cleaners", " Craft-repair", " Adm-clerical", " Sales", " Machine-op-inspct", " Transport-moving", " ?", " Farming-fishing", " Tech-support", " Protective-serv", " Priv-house-serv", " Armed-Forces"],