{"categories": ["workclass", "education", "marital-status", "occupation", "relationship", "race"], "workclass": {"classes": ["nan", " Private", " Self-emp-inc", " Self-emp-not-inc", " State-gov", " Federal-gov", " Local-gov", " ?", " Without-pay", " Never-worked"], "embeddings": [[0.0013938435586169362, 0.0071774437092244625, 0.0036073140799999237, -0.014423536136746407, 0.011741251684725285, -0.0007007019594311714], [0.002312659053131938, 0.008992242626845837, -0.0006764022400602698, 0.0011469448218122125, -0.002081771846860647, 0.017864657565951347], [-0.0072349864058196545, -0.009057185612618923, 0.003469020128250122, 0.0014022068353369832, -0.012945238500833511, 0.0015736757777631283], [-0.007140872534364462, 0.0018496339907869697, -0.002081439597532153, -0.00037635068292729557, -0.003738799598067999, -0.01177447009831667], [-0.0005617761635221541, 0.004039071034640074, -0.00541306659579277, -0.0034321488346904516, -0.0006863021408207715, 0.004127681255340576], [-0.006082671228796244, 0.008451667614281178, -0.004178205505013466, 0.009745380841195583, -0.0011431071907281876, 0.0053775738924741745], [0.008196630515158176, 0.0010467846877872944, 0.013834862038493156, -0.005879230331629515, 0.005749852396547794, -0.004162309225648642], [6.580179615411907e-05, 0.001057512708939612, -0.0033693688455969095, 0.0013744719326496124, -0.017824245616793633, 0.011709415353834629], [0.003307619132101536, 0.018873747438192368, 0.004545040428638458, 0.006480648182332516, 0.005178611725568771, -0.008556528948247433], [-0.0030746120028197765, 0.007596832234412432, 0.005143001675605774, -0.004931694362312555, -0.007879156619310379, 0.0017907590372487903]]}, "education": {"classes": ["nan", " Assoc-acdm", " Masters", " HS-grad", " Prof-school", " 7th-8th", " Some-college", " 11th", " Bachelors", " Assoc-voc", " 10th", " 9th", " Doctorate", " 12th", " 1st-4th", " 5th-6th", " Preschool"], "embeddings": [[-0.007363029755651951, -0.009309169836342335, 0.018968427553772926, 0.00241625914350152, -0.01685391180217266, -0.000778726302087307, 0.003970869816839695, 0.002002981025725603], [0.010234329849481583, -0.0029386403039097786, 0.0005694845458492637, -0.00842959713190794, 0.011224435642361641, -0.0018005612073466182, 0.00014288898091763258, 0.007023529149591923], [-0.0011756751919165254, -0.009607157669961452, 0.01442797388881445, 0.008450767956674099, 0.00899912416934967, 0.0030128699727356434, -0.011377477087080479, 0.015731213614344597], [0.017572816461324692, -0.002423896687105298, 0.004633435979485512, 0.0037904998753219843, 0.006212284322828054, -0.001917047193273902, 0.0062324246391654015, 0.0016797661082819104], [0.007499596104025841, 0.004487783648073673, -0.009473362006247044, -0.0006354487268254161, 0.011796794831752777, -0.004823844879865646, -3.424167516641319e-05, -0.00218606716953218], [0.004026789218187332, 0.002462747972458601, -0.0010059012565761805, -0.007341061253100634, 0.007854278199374676, -0.004557666834443808, -0.0017490163445472717, 0.005779556464403868], [-0.002149578183889389, -0.00014594555250369012, -0.017289351671934128, 0.015027153305709362, 0.0021774042397737503, -0.007934622466564178, 0.005429098382592201, 0.009846912696957588], [0.006043312605470419, -0.0028491029515862465, 0.005655341781675816, -0.01933353953063488, 0.011567661538720131, -0.00037434929981827736, -0.011503909714519978, -0.006996441166847944], [0.002176456619054079, -0.006579521112143993, -0.0012400889536365867, -0.0005598573479801416, 0.0011504673166200519, -0.0008004030678421259, 0.015216760337352753, -0.003943420480936766], [0.013253431767225266, -0.012171700596809387, -0.0016085391398519278, -0.013418861664831638, 0.0019162456737831235, 0.014337719418108463, 0.011462043039500713, -0.00492163235321641], [-0.003872478613629937, 0.014222762547433376, -0.004102302249521017, 0.000147559869219549, 0.010404171422123909, -0.0024413277860730886, 0.008363774046301842, -0.015928933396935463], [0.0006716531352140009, -0.010148704051971436, 0.00225495221093297, -0.004874050617218018, 0.00528299855068326, -0.01693112775683403, -0.002036938676610589, -0.004149396438151598], [0.007788294926285744, -0.015873951837420464, 0.005750399082899094, 0.008549440652132034, -0.01270320825278759, 0.004318647086620331, 0.013449073769152164, -0.013485806062817574], [0.0022506006062030792, 0.0017043092520907521, 0.009208623319864273, -0.002040297258645296, -0.011600923724472523, -0.004150416236370802, 0.007518458645790815, -0.0008367879781872034], [0.017147524282336235, -0.006536567118018866, 0.0022916793823242188, -0.004478934220969677, 0.0004715682880487293, -0.018012451007962227, -0.0018967557698488235, -0.005268240347504616], [-0.003398910630494356, -0.003387301228940487, -0.014131845906376839, 0.0032275631092488766, -0.001616039196960628, 0.0036444447468966246, 0.014042442664504051, 0.009109586477279663], [0.014387136325240135, -0.01770780421793461, 0.000737856375053525, -0.009111112914979458, 0.006514308974146843, -0.007095308508723974, 0.011907536536455154, -0.018773188814520836]]}, "marital-status": {"classes": ["nan", " Married-civ-spouse", " Divorced", " Never-married", " Widowed", " Married-spouse-absent", " Separated", " Married-AF-spouse"], "embeddings": [[0.0034360927529633045, -0.003693117992952466, 0.0001103881440940313, -0.00015526647621300071, -0.0019830854143947363], [0.007287729997187853, -0.008059658110141754, 0.009380055591464043, -0.0012083429610356688, 0.005614840425550938], [-0.009206179529428482, -0.007729305420070887, -0.006223078351467848, 0.0037298963870853186, -0.016442354768514633], [0.0005483471904881299, 0.0028637039940804243, 0.014919141307473183, -0.008027437143027782, 0.01623743772506714], [-0.015485001727938652, 0.018290070816874504, -0.006350718438625336, 0.009966481477022171, 0.0023432031739503145], [-0.01037989929318428, -0.005021397490054369, -0.011139873415231705, -0.01821022480726242, 0.013041196390986443], [0.005310372449457645, 0.013484680093824863, -0.0069730812683701515, -0.010018047876656055, 0.014452587813138962], [-0.0035296971909701824, 0.003976503852754831, 0.011431162245571613, 0.016628390178084373, 0.0009535957942716777]]}, "occupation": {"classes": ["nan", " Exec-managerial", " Prof-specialty", " Other-service", " Handlers-cleaners", " Craft-repair", " Adm-clerical", " Sales", " Machine-op-inspct", " Transport-moving", " ?", " Farming-fishing", " Tech-support", " Protective-serv", " Priv-house-serv", " Armed-Forces"],