{"graph_0": {"_type": "graph-file", "path": "media/graph/graph_0_summary_cd67946ce4e7ff36df26.graph.json", "sha256": "cd67946ce4e7ff36df2663ba0151d131d921d386ddcb9cf58178b332b7ad5956", "size": 3434}, "epoch": 1.0000000000000004, "train_loss": 0.6676198244094849, "raw_loss": 0.6247333288192749, "wd_0": 0.01, "sqr_mom_0": 0.99, "lr_0": 5.442064308758088e-05, "mom_0": 0.9484978496783769, "eps_0": 1e-05, "_runtime": 140, "_timestamp": 1635735989, "_step": 44}