{"graph_0": {"_type": "graph-file", "path": "media/graph/graph_0_summary_bbee0c74dffdccf01722.graph.json", "sha256": "bbee0c74dffdccf017225ccef04d3daf93bc4ad312e2a2187704e11dae1ddfbe", "size": 3620}, "epoch": 3.928571428571431, "train_loss": 0.8806036710739136, "raw_loss": 0.8208491802215576, "wd_0": 0.01, "sqr_mom_0": 0.99, "lr_0": 7.060726243130646e-05, "mom_0": 0.9468117434967389, "eps_0": 1e-05, "_runtime": 444, "_timestamp": 1635750669, "_step": 51, "valid_loss": null, "roc_auc_score": null, "accuracy": null}