{"epoch": 7.973684210526311, "train_loss": 0.3548525869846344, "raw_loss": 0.3205606937408447, "wd_0": 0.01, "sqr_mom_0": 0.99, "lr_0": 0.0009077243838704974, "mom_0": 0.8592276538894892, "eps_0": 1e-05, "_runtime": 112, "_timestamp": 1634735747, "_step": 302, "Prediction Samples": {"_type": "table-file", "path": "media/table/Prediction Samples_265_b41a7d7e6e7725f288da.table.json", "sha256": "b41a7d7e6e7725f288dabb98409029415a23e4b69fac6196871466292fcc694f", "size": 34345, "artifact_path": "wandb-artifact://41727469666163743a3332333238303230/Prediction Samples.table.json", "ncols": 22, "nrows": 128}, "valid_loss": 0.36770099401474, "accuracy": 0.8186968564987183}