{"epoch": 8, "train_loss": 0.39441272616386414, "raw_loss": 0.3493703305721283, "wd_0": 0.01, "sqr_mom_0": 0.99, "lr_0": 4.959512864678804e-07, "mom_0": 0.949951404385397, "eps_0": 1e-05, "_runtime": 115, "_timestamp": 1635738231, "_step": 152, "Prediction Samples": {"_type": "table-file", "path": "media/table/Prediction Samples_152_ddec29bd6dfd464e4c3f.table.json", "sha256": "ddec29bd6dfd464e4c3fe1e46df52b83fa252f93af485cfede078666c4e8d458", "size": 34621, "artifact_path": "wandb-artifact://41727469666163743a3334373431363239/Prediction Samples.table.json", "ncols": 22, "nrows": 128}, "valid_loss": 0.4224708676338196, "roc_auc_score": 0.8878976101363487, "accuracy": 0.8178874850273132}