{"epoch": 3, "train_loss": 0.5130569934844971, "raw_loss": 0.4854458272457123, "wd_0": 0.01, "sqr_mom_0": 0.99, "lr_0": 1.3594805106436833e-06, "mom_0": 0.9498650505994416, "eps_0": 1e-05, "_runtime": 43, "_timestamp": 1635737978, "_step": 56, "Prediction Samples": {"_type": "table-file", "path": "media/table/Prediction Samples_56_4746a145a2f15a6f231c.table.json", "sha256": "4746a145a2f15a6f231c5f391d91be6bce4ed397f8bc6ba2744eaadc48461271", "size": 34572, "artifact_path": "wandb-artifact://41727469666163743a3334373431323231/Prediction Samples.table.json", "ncols": 22, "nrows": 128}, "valid_loss": 0.4754897654056549, "roc_auc_score": 0.8863897884655136, "accuracy": 0.8170781135559082}